locality_id,state_id,state_name,locality_name
01,01,JOHOR,AIR BALOI
02,01,JOHOR,AIR HITAM
03,01,JOHOR,AIR MASIN
04,01,JOHOR,API API
05,01,JOHOR,ASAHAN
06,01,JOHOR,AYER BALOI
07,01,JOHOR,AYER BALOI PONTIAN
08,01,JOHOR,AYER HITAM
09,01,JOHOR,AYER TAWAR 2
10,01,JOHOR,BAGAN
11,01,JOHOR,BAKRI
12,01,JOHOR,BANDAR
13,01,JOHOR,BANDAR AYER HITAM
14,01,JOHOR,BANDAR BANDAR MAHARANI
15,01,JOHOR,BANDAR BANDAR PENGGARAM
16,01,JOHOR,BANDAR BARU KANGKAR PULAI
17,01,JOHOR,BANDAR BATU ANAM
18,01,JOHOR,BANDAR BEKOK
19,01,JOHOR,BANDAR BENUT
20,01,JOHOR,BANDAR BUKIT KANGKAR
21,01,JOHOR,BANDAR BUKIT KEPONG
22,01,JOHOR,BANDAR BULOH KASAP
23,01,JOHOR,BANDAR INDAHPURA
24,01,JOHOR,BANDAR JEMALUANG
25,01,JOHOR,BANDAR JEMENTAH
26,01,JOHOR,BANDAR JOHOR BAHRU
27,01,JOHOR,BANDAR KLUANG
28,01,JOHOR,BANDAR KOTA TINGGI
29,01,JOHOR,BANDAR KULAI
30,01,JOHOR,BANDAR LABIS
31,01,JOHOR,BANDAR MERSING
32,01,JOHOR,BANDAR MERSING KANAN
33,01,JOHOR,BANDAR PADANG ENDAU
34,01,JOHOR,BANDAR PALOH
35,01,JOHOR,BANDAR PANCHOR
36,01,JOHOR,BANDAR PARIT BUNGA
37,01,JOHOR,BANDAR PARIT JAWA
38,01,JOHOR,BANDAR PENAWAR
39,01,JOHOR,BANDAR PONTIAN KECHIL
40,01,JOHOR,BANDAR RENGIT
41,01,JOHOR,BANDAR SEGAMAT
42,01,JOHOR,BANDAR SENGGARANG
43,01,JOHOR,BANDAR SEROM
44,01,JOHOR,BANDAR SUNGAI MATI
45,01,JOHOR,BANDAR TANGKAK
46,01,JOHOR,BANDAR TEBRAU
47,01,JOHOR,BANDAR TENGGARA
48,01,JOHOR,BANDAR YONG PENG
49,01,JOHOR,BARU PAHAT
50,01,JOHOR,BATU ANAM
51,01,JOHOR,BATU ANAM SEGAMAT
52,01,JOHOR,BATU PAHAT
53,01,JOHOR,BATU PASIR
54,01,JOHOR,BEKOK
55,01,JOHOR,BENUT
56,01,JOHOR,BENUT PONTIAN
57,01,JOHOR,BUKIT BAKRI
58,01,JOHOR,BUKIT BATU
59,01,JOHOR,BUKIT BATU BAKRI
60,01,JOHOR,BUKIT GAMBIR
61,01,JOHOR,BUKIT GAMBIR MUAR
62,01,JOHOR,BUKIT KANGKAR
63,01,JOHOR,BUKIT KANGKAR SUNGAI MATI
64,01,JOHOR,BUKIT KEPONG
65,01,JOHOR,BUKIT PASIR
66,01,JOHOR,BUKIT SERAMPANG
67,01,JOHOR,BUKIT SIPUT
68,01,JOHOR,BUKT PASIR
69,01,JOHOR,BULOH KASAP
70,01,JOHOR,BULOH KASAP 2
71,01,JOHOR,CHAAH
72,01,JOHOR,CHAAH BAHRU
73,01,JOHOR,CHAMEK
74,01,JOHOR,ENDAU
75,01,JOHOR,FELDA CAHAYA BARU
76,01,JOHOR,FELDA PEMANIS
77,01,JOHOR,FELDA TENGGAROH
78,01,JOHOR,GELANG PATAH
79,01,JOHOR,GEMAS
80,01,JOHOR,GERISEK
81,01,JOHOR,GERSIK
82,01,JOHOR,GRISEK
83,01,JOHOR,GUGUSAN TAIB ANDAK
84,01,JOHOR,ISKANDAR PUTERI
85,01,JOHOR,JABI
86,01,JOHOR,JELUTONG
87,01,JOHOR,JEMALUANG
88,01,JOHOR,JEMENTAH
89,01,JOHOR,JERAM BATU
90,01,JOHOR,JJOHO BAHRU
91,01,JOHOR,JOHOR
92,01,JOHOR,JOHOR BAHRU
93,01,JOHOR,JOHOR BHARU
94,01,JOHOR,JOHOR LAMA
95,01,JOHOR,JOHOT BAHRU
96,01,JOHOR,JORAK
97,01,JOHOR,KAHANG
98,01,JOHOR,KAMBAU
99,01,JOHOR,KAMPUNG API API
100,01,JOHOR,KAMPUNG BAHRU
101,01,JOHOR,KAMPUNG BUKIT MENTAUS
102,01,JOHOR,KAMPUNG GAJAH
103,01,JOHOR,KAMPUNG KENANGAN DATO ABDULLAH JAAFAR
104,01,JOHOR,KAMPUNG MERDEKA
105,01,JOHOR,KAMPUNG PARIT RAJA
106,01,JOHOR,KAMPUNG PARIT TENGAH
107,01,JOHOR,KAMPUNG RAHMAT BATU 27
108,01,JOHOR,KANGKAR PULA
109,01,JOHOR,KANGKAR PULAI
110,01,JOHOR,KANGKAR SENANGAR PARIT SULONG
111,01,JOHOR,KAWASAN PERINDUSTRIAN
112,01,JOHOR,KAYU ARA PASONG
113,01,JOHOR,KEBUN SEDENAK
114,01,JOHOR,KELAPA SAWIT
115,01,JOHOR,KEMPAS BARU
116,01,JOHOR,KEMPAS LAMA
117,01,JOHOR,KESANG
118,01,JOHOR,KLUANG
119,01,JOHOR,KOTA TINGGI
120,01,JOHOR,KUKUP
121,01,JOHOR,KULAI
122,01,JOHOR,KULAI JAYA
123,01,JOHOR,KULAI JOHOR
124,01,JOHOR,KUNDANG
125,01,JOHOR,KUNDANG ULU
126,01,JOHOR,LABIS
127,01,JOHOR,LARKIN
128,01,JOHOR,LAYANG LAYANG
129,01,JOHOR,LEDANG
130,01,JOHOR,LENGA
131,01,JOHOR,LENGGOR
132,01,JOHOR,LINAU
133,01,JOHOR,LUBOK
134,01,JOHOR,MACAP
135,01,JOHOR,MACHAP
136,01,JOHOR,MANCAP
137,01,JOHOR,MASAI
138,01,JOHOR,MEDINI ISKANDAR MALAYSIA
139,01,JOHOR,MERSING
140,01,JOHOR,MINYAK BEKU
141,01,JOHOR,MUAR
142,01,JOHOR,MUAR PARIT JAWA
143,01,JOHOR,MUKIM 18 SRI MEDAN
144,01,JOHOR,MUKIM 3 PESERAI
145,01,JOHOR,MUKIM PLENTONG
146,01,JOHOR,MUTIARA PERDANA 18
147,01,JOHOR,NIYOR
148,01,JOHOR,NUSAJAYA
149,01,JOHOR,NUSAYA
150,01,JOHOR,PADANG ENDAU
151,01,JOHOR,PAGOH
152,01,JOHOR,PAGOH MUAR
153,01,JOHOR,PALOH
154,01,JOHOR,PANCHOR
155,01,JOHOR,PANTAI TIMUR
156,01,JOHOR,PARIT BAKAR
157,01,JOHOR,PARIT BESAR
158,01,JOHOR,PARIT BETAK
159,01,JOHOR,PARIT BETAKPONTIAN
160,01,JOHOR,PARIT BOTAK
161,01,JOHOR,PARIT JAWA
162,01,JOHOR,PARIT JELUTONG
163,01,JOHOR,PARIT RAJA
164,01,JOHOR,PARIT RAJA BATU PAHAT
165,01,JOHOR,PARIT SIMPAN
166,01,JOHOR,PARIT SULONG
167,01,JOHOR,PARIT YAANI
168,01,JOHOR,PARIT YANI
169,01,JOHOR,PASIR GUDANG
170,01,JOHOR,PEKAN BUKIT PASIR
171,01,JOHOR,PEKAN GEMAS BAHRU
172,01,JOHOR,PEKAN GRISEK
173,01,JOHOR,PEKAN NANAS
174,01,JOHOR,PEKAN NENAS
175,01,JOHOR,PEKAN PEKAN NENAS
176,01,JOHOR,PELANGI
177,01,JOHOR,PENG
178,01,JOHOR,PENGERANG
179,01,JOHOR,PENGKALAN RAJA
180,01,JOHOR,PENYABONG
181,01,JOHOR,PERMAS
182,01,JOHOR,PERMAS JAYA
183,01,JOHOR,PESERAI
184,01,JOHOR,PLENTONG
185,01,JOHOR,POGOH
186,01,JOHOR,PONTIAN
187,01,JOHOR,PT RAJA BATU PAHAT
188,01,JOHOR,PULAI
189,01,JOHOR,PULAI SEBATANG
190,01,JOHOR,PULAU AUR
191,01,JOHOR,PULAU BABI
192,01,JOHOR,PULAU PEMANGGIL
193,01,JOHOR,PULAU SIBU
194,01,JOHOR,PULAU TINGGI
195,01,JOHOR,PUTERI ISKANDAR
196,01,JOHOR,RAWANG
197,01,JOHOR,RENGAM
198,01,JOHOR,RENGGAM
199,01,JOHOR,RENGIT
200,01,JOHOR,RIMBA TERJUN
201,01,JOHOR,SAGIL
202,01,JOHOR,SEDENAK
203,01,JOHOR,SEDILI BESAR
204,01,JOHOR,SEDILI KECHIL
205,01,JOHOR,SEELONG
206,01,JOHOR,SEGAMAT
207,01,JOHOR,SEMBRONG
208,01,JOHOR,SEMERAH
209,01,JOHOR,SENAI
210,01,JOHOR,SERI GADING
211,01,JOHOR,SERI MEDAN
212,01,JOHOR,SERI MENANTI
213,01,JOHOR,SERKAT
214,01,JOHOR,SERMIN
215,01,JOHOR,SEROM
216,01,JOHOR,SEROM 5
217,01,JOHOR,SIMPANG 4
218,01,JOHOR,SIMPANG KANAN
219,01,JOHOR,SIMPANG KIRI
220,01,JOHOR,SIMPANG LAMA
221,01,JOHOR,SIMPANG LIMA
222,01,JOHOR,SIMPANG LIMA BATU PAHAT
223,01,JOHOR,SIMPANG LIMAA
224,01,JOHOR,SIMPANG RENGAM
225,01,JOHOR,SKUDAI
226,01,JOHOR,SKUDAII
227,01,JOHOR,SRI GADING
228,01,JOHOR,SRI GADING BATU PAHAT
229,01,JOHOR,SRI LALANG
230,01,JOHOR,SRI MEDAN
231,01,JOHOR,SRI MENANTI
232,01,JOHOR,SRI MERLONG RENGIT
233,01,JOHOR,SUNGAI
234,01,JOHOR,SUNGAI ABONG
235,01,JOHOR,SUNGAI ABONG MUAR
236,01,JOHOR,SUNGAI AYAM
237,01,JOHOR,SUNGAI BALANG
238,01,JOHOR,SUNGAI KLUANG LAUT
239,01,JOHOR,SUNGAI MATI
240,01,JOHOR,SUNGAI MATI TANGKAK
241,01,JOHOR,SUNGAI PUNGGOR
242,01,JOHOR,SUNGAI RAYA
243,01,JOHOR,SUNGAI RENGIT
244,01,JOHOR,SUNGAI RENGIT PENGERANG
245,01,JOHOR,SUNGAI SEGAMAT
246,01,JOHOR,SUNGAI SULOH
247,01,JOHOR,SUNGAI TERAP
248,01,JOHOR,SUNGAI TIRAM
249,01,JOHOR,SUNGEI PINGGAN
250,01,JOHOR,TAMAN PELANGI
251,01,JOHOR,TAMAN SERENE
252,01,JOHOR,TAMAN SERI SENTOSA
253,01,JOHOR,TAMAN SRI PENAWAR
254,01,JOHOR,TAMPOI
255,01,JOHOR,TAMPOI JOHOR BAHRU
256,01,JOHOR,TANGKAK
257,01,JOHOR,TANGKAK MUAR
258,01,JOHOR,TANGKAK SAGIL
259,01,JOHOR,TANJUNG KUPANG
260,01,JOHOR,TANJUNG SEMBRONG
261,01,JOHOR,TANJUNG SURAT
262,01,JOHOR,TEBRAU
263,01,JOHOR,TELOK SENGAT
264,01,JOHOR,TENANG
265,01,JOHOR,TENANG STESEN
266,01,JOHOR,TENGGAROH
267,01,JOHOR,TENGLU
268,01,JOHOR,TG AGAS
269,01,JOHOR,TIOMAN
270,01,JOHOR,TIRAM
271,01,JOHOR,TONGKANG PECAH BATU PAHAT
272,01,JOHOR,TONGKANG PECHAH
273,01,JOHOR,TRIANG
274,01,JOHOR,ULU BENUT
275,01,JOHOR,ULU CHOH
276,01,JOHOR,ULU SUNGAI JOHOR
277,01,JOHOR,ULU SUNGEI SEDILI BESAR
278,01,JOHOR,ULU TIRAM
279,01,JOHOR,YONG PENG
280,01,JOHOR,YONG PENG BATU PAHAT
281,02,KEDAH,AH
282,02,KEDAH,AIR HITAM
283,02,KEDAH,ALOR JANGGUS
284,02,KEDAH,ALOR MALAI
285,02,KEDAH,ALOR SETAR
286,02,KEDAH,ALOR SETAR KEDAH
287,02,KEDAH,ALOR STAR
288,02,KEDAH,ANAK BUKIT
289,02,KEDAH,AYER HANGAT
290,02,KEDAH,AYER HITAM
291,02,KEDAH,AYER PUTEH
292,02,KEDAH,BAGAN SAMAK
293,02,KEDAH,BAGAN SENA
294,02,KEDAH,BAKAI
295,02,KEDAH,BALING
296,02,KEDAH,BANDAR ALOR MERAH
297,02,KEDAH,BANDAR ALOR SETAR
298,02,KEDAH,BANDAR ANAK BUKIT
299,02,KEDAH,BANDAR BAHARU
300,02,KEDAH,BANDAR BAHARU KEDAH
301,02,KEDAH,BANDAR BAHARU KELANTAN
302,02,KEDAH,BANDAR BALING
303,02,KEDAH,BANDAR BANDAR AMAN JAYA
304,02,KEDAH,BANDAR BANDAR BAHARU
305,02,KEDAH,BANDAR BEDONG
306,02,KEDAH,BANDAR BUKIT KAYU HITAM
307,02,KEDAH,BANDAR BUKIT PINANG
308,02,KEDAH,BANDAR CHANGLUN
309,02,KEDAH,BANDAR DARULAMAN
310,02,KEDAH,BANDAR DARULAMAN JITRA
311,02,KEDAH,BANDAR GUAR CEMPEDAK
312,02,KEDAH,BANDAR GURUN
313,02,KEDAH,BANDAR JITRA
314,02,KEDAH,BANDAR KEPALA BATAS
315,02,KEDAH,BANDAR KODIANG
316,02,KEDAH,BANDAR KUAH
317,02,KEDAH,BANDAR KUALA KEDAH
318,02,KEDAH,BANDAR KUALA KETIL
319,02,KEDAH,BANDAR KUALA NERANG
320,02,KEDAH,BANDAR KULIM
321,02,KEDAH,BANDAR KUPANG
322,02,KEDAH,BANDAR LANGGAR
323,02,KEDAH,BANDAR LUNAS
324,02,KEDAH,BANDAR MERBOK
325,02,KEDAH,BANDAR PADANG LALANG
326,02,KEDAH,BANDAR PADANG MAT SIRAT
327,02,KEDAH,BANDAR PADANG SERA
328,02,KEDAH,BANDAR PADANG SERAI
329,02,KEDAH,BANDAR POKOK SENA
330,02,KEDAH,BANDAR SEMELING
331,02,KEDAH,BANDAR SERDANG
332,02,KEDAH,BANDAR SIK
333,02,KEDAH,BANDAR SIMPANG EMPAT
334,02,KEDAH,BANDAR SUNGAI LALANG
335,02,KEDAH,BANDAR SUNGAI PETANI
336,02,KEDAH,BANDAR TIKAM BATU
337,02,KEDAH,BANDAR TUNJANG
338,02,KEDAH,BANDAR YAN
339,02,KEDAH,BATANG TUNGGANG KANAN
340,02,KEDAH,BATANG TUNGGANG KIRI
341,02,KEDAH,BATU ARA
342,02,KEDAH,BEDONG
343,02,KEDAH,BELIMBING KANAN
344,02,KEDAH,BELIMBING KIRI
345,02,KEDAH,BINJAL
346,02,KEDAH,BOHOR
347,02,KEDAH,BONGOR
348,02,KEDAH,BUJANG
349,02,KEDAH,BUKIT BESAR
350,02,KEDAH,BUKIT KAYU HITAM
351,02,KEDAH,BUKIT LADA
352,02,KEDAH,BUKIT MERIAM
353,02,KEDAH,BUKIT MERTAJAM
354,02,KEDAH,BUKIT PINANG
355,02,KEDAH,BUKIT RAYA
356,02,KEDAH,BUKIT SELAMBAU
357,02,KEDAH,BUKIT TINGGI
358,02,KEDAH,CHANGLOON
359,02,KEDAH,DERANG
360,02,KEDAH,DERGA
361,02,KEDAH,DULANG
362,02,KEDAH,GAJAH MATI
363,02,KEDAH,GELONG
364,02,KEDAH,GUAR CHEMPEDAK
365,02,KEDAH,GUAR KEPAYANG
366,02,KEDAH,GUNONG
367,02,KEDAH,GUNUNG JERAI
368,02,KEDAH,GURUN
369,02,KEDAH,HAJI KUDONG
370,02,KEDAH,HUSBA
371,02,KEDAH,IBALING
372,02,KEDAH,JABI
373,02,KEDAH,JENERI
374,02,KEDAH,JENERI SIK
375,02,KEDAH,JERAM
376,02,KEDAH,JERLUN
377,02,KEDAH,JITRA
378,02,KEDAH,JITRAG
379,02,KEDAH,KAMPUNG BUKIT CHORAS
380,02,KEDAH,KAMPUNG LALANG
381,02,KEDAH,KANGAR
382,02,KEDAH,KANGKONG
383,02,KEDAH,KARANGAN
384,02,KEDAH,KARANGAN KULIM
385,02,KEDAH,KEDAH
386,02,KEDAH,KEDAWANG
387,02,KEDAH,KEPALA BATAS
388,02,KEDAH,KEPELU
389,02,KEDAH,KODIANG
390,02,KEDAH,KODIANG JITRA
391,02,KEDAH,KOTA
392,02,KEDAH,KOTA BHARU
393,02,KEDAH,KOTA KUALA MUDA
394,02,KEDAH,KOTA SARANG SEMUT
395,02,KEDAH,KOTA SETAR
396,02,KEDAH,KUAH
397,02,KEDAH,KUAH LANGKAWI
398,02,KEDAH,KUALA
399,02,KEDAH,KUALA KEDAH
400,02,KEDAH,KUALA KETIL
401,02,KEDAH,KUALA MUDA
402,02,KEDAH,KUALA NERANG
403,02,KEDAH,KUALA PERLIS
404,02,KEDAH,KUALA SANGLANG
405,02,KEDAH,KUALA SELAMA
406,02,KEDAH,KUALA SUNGAI LIMAU DALAM
407,02,KEDAH,KUBANG PASU
408,02,KEDAH,KUBANG ROTAN
409,02,KEDAH,KUBOR PANJANG
410,02,KEDAH,KUBUR PANJANG
411,02,KEDAH,KUBUR POKOK SENA
412,02,KEDAH,KULIM
413,02,KEDAH,KULIM HI TECH
414,02,KEDAH,KULIM HI TECH PARK
415,02,KEDAH,KUPANG
416,02,KEDAH,KUPANG BALING
417,02,KEDAH,KURONG HITAM
418,02,KEDAH,LABU BESAR
419,02,KEDAH,LANGGAR
420,02,KEDAH,LANGKAWI
421,02,KEDAH,LENGKUAS
422,02,KEDAH,LEPAI
423,02,KEDAH,LESONG
424,02,KEDAH,LIMBONG
425,02,KEDAH,LUBOK BUNTAR
426,02,KEDAH,LUBOK MERBAU
427,02,KEDAH,LUBUK MERBAU
428,02,KEDAH,LUNAS
429,02,KEDAH,LUNAS KULIM
430,02,KEDAH,MAHANG
431,02,KEDAH,MALAU
432,02,KEDAH,MEDAN BERJAYA
433,02,KEDAH,MERBOK
434,02,KEDAH,MERGONG
435,02,KEDAH,MUKIM BOHOR
436,02,KEDAH,MUKIM GUNUNG
437,02,KEDAH,MUKIM JABI
438,02,KEDAH,MUKIM KEDAWANG
439,02,KEDAH,MUKIM KUAH
440,02,KEDAH,MUKIM PADANG MATSIRAT
441,02,KEDAH,MUKIM PADANG PELIANG
442,02,KEDAH,MUKIM PULAI BALING
443,02,KEDAH,MUKIM PUTAT
444,02,KEDAH,MUKIM SALA
445,02,KEDAH,MUKIM TAWAR
446,02,KEDAH,MUKIM ULU MELAKA
447,02,KEDAH,NAGA
448,02,KEDAH,NAGA LILIT
449,02,KEDAH,NAKA
450,02,KEDAH,PADANG CHINA
451,02,KEDAH,PADANG HANG
452,02,KEDAH,PADANG KERBAU
453,02,KEDAH,PADANG LALANG
454,02,KEDAH,PADANG MAT SIRAT
455,02,KEDAH,PADANG MEHA
456,02,KEDAH,PADANG PELIANG
457,02,KEDAH,PADANG PERAHU
458,02,KEDAH,PADANG PUSING
459,02,KEDAH,PADANG SERA
460,02,KEDAH,PADANG SERAI
461,02,KEDAH,PADANG SERAI KULIM
462,02,KEDAH,PADANG TEMAK
463,02,KEDAH,PADANG TERAP
464,02,KEDAH,PADANG TERAP KANAN
465,02,KEDAH,PADANG TERAP KIRI
466,02,KEDAH,PANTAI CENANG
467,02,KEDAH,PARIT PANJANG
468,02,KEDAH,PEDU
469,02,KEDAH,PEKAN ALOR JANGGUS
470,02,KEDAH,PEKAN AYER HITAM
471,02,KEDAH,PEKAN BATU LIMA SIK
472,02,KEDAH,PEKAN BUKIT JENUN
473,02,KEDAH,PEKAN BUKIT SELAMBAU
474,02,KEDAH,PEKAN BUKIT TEMBAGA
475,02,KEDAH,PEKAN CHAROK PADANG
476,02,KEDAH,PEKAN DURIAN BURUNG
477,02,KEDAH,PEKAN GAJAH PUTEH
478,02,KEDAH,PEKAN GULAU
479,02,KEDAH,PEKAN JENIANG
480,02,KEDAH,PEKAN JITRA
481,02,KEDAH,PEKAN JITRA 1
482,02,KEDAH,PEKAN JUNJONG
483,02,KEDAH,PEKAN KAMPUNG BARU
484,02,KEDAH,PEKAN KAMPUNG BARU KEJAI
485,02,KEDAH,PEKAN KAMPUNG LALANG
486,02,KEDAH,PEKAN KAMPUNG TANJUNG
487,02,KEDAH,PEKAN KARANGAN
488,02,KEDAH,PEKAN KEBUN 500
489,02,KEDAH,PEKAN KERPAN
490,02,KEDAH,PEKAN KOBAH
491,02,KEDAH,PEKAN KOTA KUALA MUDA
492,02,KEDAH,PEKAN KOTA SARANG SEMUT
493,02,KEDAH,PEKAN KUALA PEGANG
494,02,KEDAH,PEKAN KUALA SANGLANG
495,02,KEDAH,PEKAN KUBUR PANJANG
496,02,KEDAH,PEKAN LABU BESAR
497,02,KEDAH,PEKAN LUBOK MERBAU
498,02,KEDAH,PEKAN LUBUK BUNTAR
499,02,KEDAH,PEKAN MAHANG
500,02,KEDAH,PEKAN MALAU
501,02,KEDAH,PEKAN MERBAU PULAS
502,02,KEDAH,PEKAN NAKA
503,02,KEDAH,PEKAN NAKAOCI 3 0002146874
504,02,KEDAH,PEKAN NAPOH
505,02,KEDAH,PEKAN PADANG MEHA
506,02,KEDAH,PEKAN PADANG SANAI
507,02,KEDAH,PEKAN PARIT PANJANG
508,02,KEDAH,PEKAN PULAI
509,02,KEDAH,PEKAN RELAU
510,02,KEDAH,PEKAN SANGLANG
511,02,KEDAH,PEKAN SELAMA
512,02,KEDAH,PEKAN SIMPANG EMPAT
513,02,KEDAH,PEKAN SIMPANG TIGA SUNGAI LIMAU
514,02,KEDAH,PEKAN SINGKIR
515,02,KEDAH,PEKAN SINTOK
516,02,KEDAH,PEKAN SUNGAI KARANGAN
517,02,KEDAH,PEKAN SUNGAI KECIL ILIR
518,02,KEDAH,PEKAN SUNGAI KOB
519,02,KEDAH,PEKAN SUNGAI KOROK
520,02,KEDAH,PEKAN SUNGAI LIMAU DALAM
521,02,KEDAH,PEKAN SUNGAI TIANG
522,02,KEDAH,PEKAN TANAH MERAH
523,02,KEDAH,PEKAN TANJUNG DAWAI
524,02,KEDAH,PEKAN TAWAR
525,02,KEDAH,PEKAN TELOK DATAI
526,02,KEDAH,PEKAN TEROI
527,02,KEDAH,PEKAN TOKAI
528,02,KEDAH,PEKULA
529,02,KEDAH,PELUBANG
530,02,KEDAH,PENDANG
531,02,KEDAH,PENGKALAN HULU
532,02,KEDAH,PENGKALAN KUNDOR
533,02,KEDAH,PERING
534,02,KEDAH,PERMATANG PASIR
535,02,KEDAH,PINANG TUNGGAL
536,02,KEDAH,POKOK SENA
537,02,KEDAH,POOK SENA
538,02,KEDAH,PULAI
539,02,KEDAH,PULAI BALING
540,02,KEDAH,PULAU LANGKAWI
541,02,KEDAH,PULAU PINANG
542,02,KEDAH,PUTAT
543,02,KEDAH,RAMBAI
544,02,KEDAH,RANTAU PANJANG
545,02,KEDAH,RELAU
546,02,KEDAH,SALA BESAR
547,02,KEDAH,SALA KECHIK
548,02,KEDAH,SANGLANG
549,02,KEDAH,SEDIM
550,02,KEDAH,SELAMA
551,02,KEDAH,SELAMA KEDAH
552,02,KEDAH,SELAMA PERAK
553,02,KEDAH,SELAMA SERDANG KEDAH
554,02,KEDAH,SEMELING
555,02,KEDAH,SERDANG KEDAH
556,02,KEDAH,SERDANG SERDANG KEDAH
557,02,KEDAH,SIAKAPWI
558,02,KEDAH,SIDAM KANAN
559,02,KEDAH,SIDAM KIRI
560,02,KEDAH,SIK
561,02,KEDAH,SIM
562,02,KEDAH,SIMPANG AMPAT
563,02,KEDAH,SIMPANG EMPAT
564,02,KEDAH,SIMPANG EMPAT BATU 13
565,02,KEDAH,SIMPANG EMPAT KANGKONG
566,02,KEDAH,SIMPOR
567,02,KEDAH,SINGKIR
568,02,KEDAH,SINTOK
569,02,KEDAH,SIONG
570,02,KEDAH,SIONG BALING
571,02,KEDAH,SOK
572,02,KEDAH,SUNGAI BAHARU
573,02,KEDAH,SUNGAI BATU
574,02,KEDAH,SUNGAI DAUN
575,02,KEDAH,SUNGAI KARANGAN
576,02,KEDAH,SUNGAI KARANGAN PADANG SERAI
577,02,KEDAH,SUNGAI KECIL
578,02,KEDAH,SUNGAI KOB
579,02,KEDAH,SUNGAI LAKA
580,02,KEDAH,SUNGAI LALANG
581,02,KEDAH,SUNGAI PASIR
582,02,KEDAH,SUNGAI PETANI
583,02,KEDAH,SUNGAI PETANI KEDAH
584,02,KEDAH,SUNGAI SELUANG
585,02,KEDAH,SUNGAI ULAR
586,02,KEDAH,TAJAR
587,02,KEDAH,TAMAN CEMPAKA
588,02,KEDAH,TAMAN KOTA SARANG SEMUT
589,02,KEDAH,TAMAN SEMARAK
590,02,KEDAH,TANJUNG DAWAI
591,02,KEDAH,TAWAR
592,02,KEDAH,TEBENGAU
593,02,KEDAH,TEKAI
594,02,KEDAH,TEKAI KANAN NAKA
595,02,KEDAH,TELAGA MAS
596,02,KEDAH,TELOI KANAN
597,02,KEDAH,TELOI KANAN KUALA KETIL
598,02,KEDAH,TELOI KIRI
599,02,KEDAH,TELOK CHENGAI
600,02,KEDAH,TEMIN
601,02,KEDAH,TERAP
602,02,KEDAH,TIKAM BATU
603,02,KEDAH,TIKAM BATU SUNGAI PETANI
604,02,KEDAH,TITI GAJAH
605,02,KEDAH,TKAM BATU
606,02,KEDAH,TOBIAR
607,02,KEDAH,TOKAISIMPANG EMPAT
608,02,KEDAH,TOLAK
609,02,KEDAH,TUNJANG
610,02,KEDAH,TUNJANG JITRA
611,02,KEDAH,ULU MELAKA
612,02,KEDAH,WANG TEPUS
613,02,KEDAH,YAN
614,02,KEDAH,YAN BESAR
615,02,KEDAH,YAN KECHIL
616,03,KELANTAN,AIR LANAS JELI
617,03,KELANTAN,ALOR BAKAT
618,03,KELANTAN,ALOR BULOH
619,03,KELANTAN,ALOR PASIR
620,03,KELANTAN,APA APA
621,03,KELANTAN,APAM
622,03,KELANTAN,AUR DURI
623,03,KELANTAN,AYER LANAS
624,03,KELANTAN,AYER LANAS JELI
625,03,KELANTAN,BACHOCK
626,03,KELANTAN,BACHOK
627,03,KELANTAN,BADAK
628,03,KELANTAN,BADAK MATI
629,03,KELANTAN,BADANG
630,03,KELANTAN,BAGAN
631,03,KELANTAN,BAKAR
632,03,KELANTAN,BAKONG
633,03,KELANTAN,BALAR
634,03,KELANTAN,BANDAR BACHOK
635,03,KELANTAN,BANDAR BARU KUBANG KERIAN
636,03,KELANTAN,BANDAR GUA MUSANG
637,03,KELANTAN,BANDAR JELI
638,03,KELANTAN,BANDAR KECHIL RANTAU PANJANG
639,03,KELANTAN,BANDAR KOTA BHARU
640,03,KELANTAN,BANDAR KUALA KRAI
641,03,KELANTAN,BANDAR MACHANG
642,03,KELANTAN,BANDAR PASIR MAS
643,03,KELANTAN,BANDAR PASIR PUTEH
644,03,KELANTAN,BANDAR RANTAU PANJANG
645,03,KELANTAN,BANDAR TANAH MERAH
646,03,KELANTAN,BANDAR TUMPAT
647,03,KELANTAN,BANGGOL
648,03,KELANTAN,BANGGOL SETOL
649,03,KELANTAN,BANGGU
650,03,KELANTAN,BATANG MERBAU
651,03,KELANTAN,BATOR
652,03,KELANTAN,BATU MENGKEBANG
653,03,KELANTAN,BATU PAPAN
654,03,KELANTAN,BATU SEBUTIR
655,03,KELANTAN,BAUNG
656,03,KELANTAN,BAYANG
657,03,KELANTAN,BCHOK
658,03,KELANTAN,BECHAH MENERONG
659,03,KELANTAN,BECHAH MULONG
660,03,KELANTAN,BECHAH PALAS
661,03,KELANTAN,BECHAH RESAK
662,03,KELANTAN,BECHAH SEMAK
663,03,KELANTAN,BELIMBING
664,03,KELANTAN,BENDANG NYIOR
665,03,KELANTAN,BERIS KUBOR BESAR
666,03,KELANTAN,BERIS KUBOR BESAR BACHOK
667,03,KELANTAN,BERIS KUBUR BESAR
668,03,KELANTAN,BETA HILIR
669,03,KELANTAN,BETA HULU
670,03,KELANTAN,BETING
671,03,KELANTAN,BIAH
672,03,KELANTAN,BINJAI
673,03,KELANTAN,BLAU
674,03,KELANTAN,BLOK MELOR
675,03,KELANTAN,BUKIT ABAL BARAT
676,03,KELANTAN,BUKIT ABAL TIMOR
677,03,KELANTAN,BUKIT BUNGA
678,03,KELANTAN,BUKIT DURIAN
679,03,KELANTAN,BUKIT MARAK
680,03,KELANTAN,BUKIT MERBAU
681,03,KELANTAN,BUKIT MERTAJAM
682,03,KELANTAN,BUKIT TANAH
683,03,KELANTAN,BUKIT TUKU
684,03,KELANTAN,BULOH POH
685,03,KELANTAN,BUNGA TANJONG
686,03,KELANTAN,BUNOHAN
687,03,KELANTAN,BUNUT PAYONG
688,03,KELANTAN,BUNUT SARANG BURONG
689,03,KELANTAN,BUNUT SUSU
690,03,KELANTAN,BUT
691,03,KELANTAN,CHABANG EMPAT
692,03,KELANTAN,CHANGGAI
693,03,KELANTAN,CHAP
694,03,KELANTAN,CHE LATIFF
695,03,KELANTAN,CHEKLI
696,03,KELANTAN,CHEKOK
697,03,KELANTAN,CHENDERONG BATU
698,03,KELANTAN,CHERANG HANGUS
699,03,KELANTAN,CHERANG MELINTANG
700,03,KELANTAN,CHERANG RUKU
701,03,KELANTAN,CHETOK
702,03,KELANTAN,CHICHA
703,03,KELANTAN,DABONG
704,03,KELANTAN,DAL
705,03,KELANTAN,DEMIT
706,03,KELANTAN,DEWAN
707,03,KELANTAN,DEWAN BETA
708,03,KELANTAN,DUSON RENDAH
709,03,KELANTAN,ENGGONG
710,03,KELANTAN,GADING GALOH
711,03,KELANTAN,GAJAH
712,03,KELANTAN,GAJAH MATI
713,03,KELANTAN,GAYONG
714,03,KELANTAN,GELAM
715,03,KELANTAN,GETING
716,03,KELANTAN,GONG CHAPA
717,03,KELANTAN,GONG CHENGAL
718,03,KELANTAN,GONG DATOK BARAT
719,03,KELANTAN,GONG DATOK TIMOR
720,03,KELANTAN,GONG GARU
721,03,KELANTAN,GONG KULIM
722,03,KELANTAN,GONG NANGKA
723,03,KELANTAN,GONG PACHAT
724,03,KELANTAN,GUA
725,03,KELANTAN,GUA MUSANG
726,03,KELANTAN,GUAL NERING
727,03,KELANTAN,GUAL PERIOK
728,03,KELANTAN,GUNONG
729,03,KELANTAN,GUNTONG
730,03,KELANTAN,GUNUNG
731,03,KELANTAN,HAU
732,03,KELANTAN,HENDROP
733,03,KELANTAN,JABO
734,03,KELANTAN,JAKAR
735,03,KELANTAN,JAL
736,03,KELANTAN,JEDOK
737,03,KELANTAN,JEJAWI
738,03,KELANTAN,JELAWAT
739,03,KELANTAN,JELI
740,03,KELANTAN,JELI TEPI SUNGAI
741,03,KELANTAN,JELUTONG
742,03,KELANTAN,JERAM
743,03,KELANTAN,JEREK
744,03,KELANTAN,JERUS
745,03,KELANTAN,JOH
746,03,KELANTAN,KADOK
747,03,KELANTAN,KALA
748,03,KELANTAN,KALAI
749,03,KELANTAN,KAMPONG LAUT
750,03,KELANTAN,KAMPONG SIREH
751,03,KELANTAN,KAMPONG WAKAF
752,03,KELANTAN,KAMPUNG BINJAI 2 KEDAI MULONG
753,03,KELANTAN,KAMPUNG BULOH POH
754,03,KELANTAN,KAMPUNG SELISING
755,03,KELANTAN,KAMPUNG TEBING TINGGI
756,03,KELANTAN,KANDEK
757,03,KELANTAN,KANDIS
758,03,KELANTAN,KANGKONG
759,03,KELANTAN,KARANG
760,03,KELANTAN,KASA
761,03,KELANTAN,KECIL LOJING
762,03,KELANTAN,KEDAI BULOH
763,03,KELANTAN,KEDAI CHEKOK
764,03,KELANTAN,KEDAI LALAT
765,03,KELANTAN,KEDAI MULONG
766,03,KELANTAN,KEDONDONG
767,03,KELANTAN,KELABORAN
768,03,KELANTAN,KELANTAN
769,03,KELANTAN,KELAWEH
770,03,KELANTAN,KEM DESA PAHLAWAN
771,03,KELANTAN,KEMUBU
772,03,KELANTAN,KEMUMIN
773,03,KELANTAN,KENAK
774,03,KELANTAN,KENALI
775,03,KELANTAN,KENOR
776,03,KELANTAN,KERASAK
777,03,KELANTAN,KERAWANG
778,03,KELANTAN,KERETAH
779,03,KELANTAN,KERILLA
780,03,KELANTAN,KETEREH
781,03,KELANTAN,KETEREH BARAT
782,03,KELANTAN,KETEREH KOTA BHARU
783,03,KELANTAN,KETEREH TIMOR
784,03,KELANTAN,KETIL
785,03,KELANTAN,KIAT
786,03,KELANTAN,KIJANG
787,03,KELANTAN,KOH
788,03,KELANTAN,KOK KELI
789,03,KELANTAN,KOK LANAS
790,03,KELANTAN,KOK LANAS KETEREH KOTA BHARU
791,03,KELANTAN,KOK LANAS KOTA BHARU
792,03,KELANTAN,KOLAM TEMBESU
793,03,KELANTAN,KOT BAHRU
794,03,KELANTAN,KOTA
795,03,KELANTAN,KOTA BHARU
796,03,KELANTAN,KOTA BHARU KELANTAN
797,03,KELANTAN,KOTA BHARUPENDEK
798,03,KELANTAN,KOTA JEMBAL
799,03,KELANTAN,KOTRA JEMBAL
800,03,KELANTAN,KUALA BALAH
801,03,KELANTAN,KUALA BESUT
802,03,KELANTAN,KUALA BETIS
803,03,KELANTAN,KUALA GERIS
804,03,KELANTAN,KUALA KELAR
805,03,KELANTAN,KUALA KERAK
806,03,KELANTAN,KUALA KRAI
807,03,KELANTAN,KUALA LEMAL
808,03,KELANTAN,KUALA NAL
809,03,KELANTAN,KUALA PAHI
810,03,KELANTAN,KUALA PAKU
811,03,KELANTAN,KUALA PERGAU
812,03,KELANTAN,KUALA STONG
813,03,KELANTAN,KUALA SUNGAI
814,03,KELANTAN,KUAU
815,03,KELANTAN,KUBANG BATANG
816,03,KELANTAN,KUBANG BEMBAN
817,03,KELANTAN,KUBANG GATAL
818,03,KELANTAN,KUBANG GENDANG
819,03,KELANTAN,KUBANG KERIAN
820,03,KELANTAN,KUBANG KETAM
821,03,KELANTAN,KUBANG KRAIN
822,03,KELANTAN,KUBANG SEPAT
823,03,KELANTAN,KUBANG TELAGA
824,03,KELANTAN,KUBANG TERAP
825,03,KELANTAN,KUCHELONG
826,03,KELANTAN,KUTANG
827,03,KELANTAN,LABOK
828,03,KELANTAN,LABUH
829,03,KELANTAN,LALANG
830,03,KELANTAN,LANGGAR
831,03,KELANTAN,LAWANG
832,03,KELANTAN,LEMBU
833,03,KELANTAN,LIMAU HANTU
834,03,KELANTAN,LIMAU KASTURI
835,03,KELANTAN,LIMBAT
836,03,KELANTAN,LOJING
837,03,KELANTAN,LOJING GUA MUSANG
838,03,KELANTAN,LOT 235
839,03,KELANTAN,LUBOK ANCHING
840,03,KELANTAN,LUBOK BONGOR
841,03,KELANTAN,LUBOK GONG
842,03,KELANTAN,LUBOK JAMBU
843,03,KELANTAN,LUBOK JONG
844,03,KELANTAN,LUBOK KAWAH
845,03,KELANTAN,LUBOK PUKOL
846,03,KELANTAN,LUBOK SETOL
847,03,KELANTAN,LUBOK TAPAH
848,03,KELANTAN,LUBOK TEMBESU
849,03,KELANTAN,LUNDANG
850,03,KELANTAN,LUNDANG PAKU
851,03,KELANTAN,MACHANG
852,03,KELANTAN,MAHANG BARAT
853,03,KELANTAN,MAHANG TIMOR
854,03,KELANTAN,MAK LIPAH
855,03,KELANTAN,MAK NERALANG
856,03,KELANTAN,MAKA
857,03,KELANTAN,MAMBONG
858,03,KELANTAN,MANEK URAI
859,03,KELANTAN,MANJOR
860,03,KELANTAN,MELAWI
861,03,KELANTAN,MELOR
862,03,KELANTAN,MELOR KOTA BAHRU
863,03,KELANTAN,MELOR KOTA BHARU
864,03,KELANTAN,MENTUAN
865,03,KELANTAN,MERANTI
866,03,KELANTAN,MERAPOH
867,03,KELANTAN,MERBOL
868,03,KELANTAN,MORAK
869,03,KELANTAN,MORAK TUMPAT
870,03,KELANTAN,MUKIM BETING
871,03,KELANTAN,MULONG
872,03,KELANTAN,NIBONG
873,03,KELANTAN,NILAM PURI
874,03,KELANTAN,NIPAH
875,03,KELANTAN,OTA BHARU
876,03,KELANTAN,PADANG BONGOR
877,03,KELANTAN,PADANG EMBON
878,03,KELANTAN,PADANG ENGGANG
879,03,KELANTAN,PADANG GARONG
880,03,KELANTAN,PADANG KEMUNCHUT
881,03,KELANTAN,PADANG LEBAN
882,03,KELANTAN,PADANG PAK AMAT
883,03,KELANTAN,PADANG RAJA
884,03,KELANTAN,PADANG SAKAR
885,03,KELANTAN,PADANG SELISING
886,03,KELANTAN,PADANG TEMBAK
887,03,KELANTAN,PADANG TENGAH
888,03,KELANTAN,PAK PURA
889,03,KELANTAN,PALEKBANG
890,03,KELANTAN,PALEKBANG TUMPAT
891,03,KELANTAN,PALOH
892,03,KELANTAN,PANCHOR
893,03,KELANTAN,PANGKAL PISANG
894,03,KELANTAN,PANJI
895,03,KELANTAN,PARIT
896,03,KELANTAN,PASIR GANDA
897,03,KELANTAN,PASIR HA
898,03,KELANTAN,PASIR HOR
899,03,KELANTAN,PASIR MAS
900,03,KELANTAN,PASIR OUTEH
901,03,KELANTAN,PASIR PEKAN
902,03,KELANTAN,PASIR PUTEH
903,03,KELANTAN,PASIR PUTIH
904,03,KELANTAN,PASIR TUMBOH
905,03,KELANTAN,PATEK
906,03,KELANTAN,PAUH
907,03,KELANTAN,PAUH BUTUT
908,03,KELANTAN,PAUH LIMA
909,03,KELANTAN,PAUH SEMBILAN
910,03,KELANTAN,PAYA
911,03,KELANTAN,PAYA MENGKUANG
912,03,KELANTAN,PEK
913,03,KELANTAN,PEKAN JELAWAT
914,03,KELANTAN,PEKAN MULONG
915,03,KELANTAN,PEKAN SELISING
916,03,KELANTAN,PEKAN TEMANGAN
917,03,KELANTAN,PEMANOK
918,03,KELANTAN,PENAMBANG
919,03,KELANTAN,PENDEK
920,03,KELANTAN,PENDEK KOTA BHARU
921,03,KELANTAN,PENGKALAN
922,03,KELANTAN,PENGKALAN CHEKOK
923,03,KELANTAN,PENGKALAN CHEPA
924,03,KELANTAN,PENGKALAN KUBOR
925,03,KELANTAN,PENGKALAN KUBOR TUMPAT
926,03,KELANTAN,PENGKALAN KUBUR
927,03,KELANTAN,PERINGAT
928,03,KELANTAN,PERIOK
929,03,KELANTAN,PERMATANG SUNGKAI
930,03,KELANTAN,PEROL
931,03,KELANTAN,PERUPOK
932,03,KELANTAN,PINTU GANG
933,03,KELANTAN,PKUBOR TUMPAT
934,03,KELANTAN,PULAI
935,03,KELANTAN,PULAI CHONDONG
936,03,KELANTAN,PULAU
937,03,KELANTAN,PULAU BELANGA
938,03,KELANTAN,PULAU BESAR
939,03,KELANTAN,PULAU CHONDONG
940,03,KELANTAN,PULAU GAJAH
941,03,KELANTAN,PULAU KUNDOR
942,03,KELANTAN,PULAU PANJANG
943,03,KELANTAN,PULAU PISANG
944,03,KELANTAN,RAJA
945,03,KELANTAN,RAMBAI
946,03,KELANTAN,RANTAU PANJANG
947,03,KELANTAN,RELAI
948,03,KELANTAN,RENOK
949,03,KELANTAN,REPEK
950,03,KELANTAN,RUSA
951,03,KELANTAN,SABAK
952,03,KELANTAN,SAKAR
953,03,KELANTAN,SALOR
954,03,KELANTAN,SELEHONG SELATAN
955,03,KELANTAN,SELEHONG UTARA
956,03,KELANTAN,SELIGI
957,03,KELANTAN,SELISING
958,03,KELANTAN,SEMERAK
959,03,KELANTAN,SEMUT API
960,03,KELANTAN,SENAK
961,03,KELANTAN,SENENG
962,03,KELANTAN,SERDANG
963,03,KELANTAN,SERING
964,03,KELANTAN,SETERPA
965,03,KELANTAN,SIGAR
966,03,KELANTAN,SIMPANGAN
967,03,KELANTAN,SOKOR
968,03,KELANTAN,SUNGAI PINANG
969,03,KELANTAN,TABAR
970,03,KELANTAN,TAKANG
971,03,KELANTAN,TALAK
972,03,KELANTAN,TANAH MERAH
973,03,KELANTAN,TANJONG CHAT
974,03,KELANTAN,TANJONG JERING
975,03,KELANTAN,TANJONG PAUH
976,03,KELANTAN,TANJUNG PAGAR
977,03,KELANTAN,TAPANG
978,03,KELANTAN,TASIK
979,03,KELANTAN,TASIK BERANGAN
980,03,KELANTAN,TAWANG
981,03,KELANTAN,TEBING TINGGI
982,03,KELANTAN,TELAGA PAPAN SEMERAK
983,03,KELANTAN,TELEKONG
984,03,KELANTAN,TELIAR
985,03,KELANTAN,TELIPOK
986,03,KELANTAN,TELOK
987,03,KELANTAN,TELOK BHARU
988,03,KELANTAN,TELOK KITANG
989,03,KELANTAN,TELOK MESIRA
990,03,KELANTAN,TELOK RENJUNA
991,03,KELANTAN,TELONG
992,03,KELANTAN,TEMANGAN
993,03,KELANTAN,TEMU RANGGAS
994,03,KELANTAN,TENDONG
995,03,KELANTAN,TENGAH
996,03,KELANTAN,TEPUS
997,03,KELANTAN,TIONG
998,03,KELANTAN,TIUMPAT
999,03,KELANTAN,TOK BALI
1000,03,KELANTAN,TOK BOK
1001,03,KELANTAN,TOK KU
1002,03,KELANTAN,TOK SANGKOT
1003,03,KELANTAN,TOK UBAN
1004,03,KELANTAN,TUALANG SALAK
1005,03,KELANTAN,TUEL
1006,03,KELANTAN,TUJOH
1007,03,KELANTAN,TUMPAT
1008,03,KELANTAN,ULU KUSIAL
1009,03,KELANTAN,ULU NENGGIRI
1010,03,KELANTAN,ULU SAT
1011,03,KELANTAN,WAKAF BAHRU
1012,03,KELANTAN,WAKAF BARU
1013,03,KELANTAN,WAKAF BHARU
1014,03,KELANTAN,WAKAF BHARU KELANTAN
1015,03,KELANTAN,WAKAF DELIMA
1016,03,KELANTAN,WAKAF SIKU
1017,03,KELANTAN,WAKAF STAN
1018,03,KELANTAN,WAKAG BHARU
1019,03,KELANTAN,YER LANAS
1020,04,MELAKA,AIR KEROH
1021,04,MELAKA,AIR MOLEK
1022,04,MELAKA,ALAI
1023,04,MELAKA,ALOR GAJAH
1024,04,MELAKA,ALOR GAJAH MELAKA
1025,04,MELAKA,ALOR GAJAH SELANDAR
1026,04,MELAKA,ASAHAN
1027,04,MELAKA,AYER HITAM DARAT
1028,04,MELAKA,AYER KEROH
1029,04,MELAKA,AYER KERUH
1030,04,MELAKA,AYER MOLEK
1031,04,MELAKA,AYER MOLKE
1032,04,MELAKA,AYER PA ABAS
1033,04,MELAKA,AYER SALAK
1034,04,MELAKA,BACHANG
1035,04,MELAKA,BALAI PANJANG
1036,04,MELAKA,BALAI PANJANG MALIM
1037,04,MELAKA,BANDAR ALOR GAJAH
1038,04,MELAKA,BANDAR BARU SUNGAI UDANG
1039,04,MELAKA,BANDAR BUKIT BARU
1040,04,MELAKA,BANDAR HILIR
1041,04,MELAKA,BANDAR JASIN
1042,04,MELAKA,BANDAR MASJID TANAH
1043,04,MELAKA,BANDAR MELAKA
1044,04,MELAKA,BANDAR MERLIMAU
1045,04,MELAKA,BANDAR PULAU SEBANG
1046,04,MELAKA,BANDARAYA MELAKA
1047,04,MELAKA,BATANG MALAKA
1048,04,MELAKA,BATANG TIGA
1049,04,MELAKA,BATU BERENDAM
1050,04,MELAKA,BATU HAMPAR
1051,04,MELAKA,BEKOH
1052,04,MELAKA,BELIMBING
1053,04,MELAKA,BEMBAN
1054,04,MELAKA,BERINGIN
1055,04,MELAKA,BERTAM
1056,04,MELAKA,BERTAM ULU
1057,04,MELAKA,BRISU
1058,04,MELAKA,BUKIT BARU
1059,04,MELAKA,BUKIT BERUANG
1060,04,MELAKA,BUKIT CHINA
1061,04,MELAKA,BUKIT CINA
1062,04,MELAKA,BUKIT GADONG
1063,04,MELAKA,BUKIT KATIL
1064,04,MELAKA,BUKIT KATIL AYER KEROH
1065,04,MELAKA,BUKIT LARANG
1066,04,MELAKA,BUKIT LINTANG
1067,04,MELAKA,BUKIT PALAH
1068,04,MELAKA,BUKIT PIATU
1069,04,MELAKA,BUKIT RAMBAI
1070,04,MELAKA,BUKIT SEBUKOR
1071,04,MELAKA,BUKIT SENGGEH
1072,04,MELAKA,BUKIT SENJUANG
1073,04,MELAKA,BUKIT SERINDIT
1074,04,MELAKA,BUKTI KATIL
1075,04,MELAKA,CHABAU
1076,04,MELAKA,CHENG
1077,04,MELAKA,CHIN CHIN
1078,04,MELAKA,CHOHONG
1079,04,MELAKA,DURIAN DAUN
1080,04,MELAKA,DURIAN DAUN DALAM
1081,04,MELAKA,DURIAN TUNGGAL
1082,04,MELAKA,DURIAN TUNGGAL HANG TUAH JAYA
1083,04,MELAKA,DUYONG
1084,04,MELAKA,GADEK
1085,04,MELAKA,HANG TUAH
1086,04,MELAKA,HANG TUAH JAYA
1087,04,MELAKA,HANG TUAH JAYA BEMBAN
1088,04,MELAKA,HANG TUAN JAYA
1089,04,MELAKA,JASIN
1090,04,MELAKA,JUS
1091,04,MELAKA,KAMPUNG KANDANG
1092,04,MELAKA,KANDANG
1093,04,MELAKA,KELEMAK
1094,04,MELAKA,KEM TRENDAK
1095,04,MELAKA,KEMUNING
1096,04,MELAKA,KESANG
1097,04,MELAKA,KLEBANG
1098,04,MELAKA,KLEBANG BESAR
1099,04,MELAKA,KLEBANG KECHIL
1100,04,MELAKA,KOTA LAKSAMANA
1101,04,MELAKA,KRUBONG
1102,04,MELAKA,KUALA LINGGI
1103,04,MELAKA,KUALA SUNGAI BARU
1104,04,MELAKA,KUBU
1105,04,MELAKA,LENDU
1106,04,MELAKA,LIBOK CHINA
1107,04,MELAKA,LIMBONGAN
1108,04,MELAKA,LINGGI
1109,04,MELAKA,LUBOK CHINA
1110,04,MELAKA,LUBOK CINA
1111,04,MELAKA,LUBUK CHINA
1112,04,MELAKA,LUBUK CINA
1113,04,MELAKA,MACHAP
1114,04,MELAKA,MACHAP UMBOO
1115,04,MELAKA,MACHAP UMBOO BARU
1116,04,MELAKA,MALAIM
1117,04,MELAKA,MALAKA PINDAH
1118,04,MELAKA,MALIM
1119,04,MELAKA,MALIM JAYA
1120,04,MELAKA,MASJID TANAH
1121,04,MELAKA,MELAKA
1122,04,MELAKA,MELAKA RAYA
1123,04,MELAKA,MELAKA TENGAH
1124,04,MELAKA,MELAKAPADANG TEMU
1125,04,MELAKA,MELEKEK
1126,04,MELAKA,MERLIMAU
1127,04,MELAKA,MERLIMAU BARAT
1128,04,MELAKA,MLAKA
1129,04,MELAKA,MUKIM ALAI
1130,04,MELAKA,MUKIM AYER MOLEK
1131,04,MELAKA,MUKIM BALAI PANJANG
1132,04,MELAKA,MUKIM TANJONG KLING
1133,04,MELAKA,NUKIT RAMBAI
1134,04,MELAKA,NYALAS
1135,04,MELAKA,PADANG SEBANG
1136,04,MELAKA,PADANG SEMABOK
1137,04,MELAKA,PADANG TEMU
1138,04,MELAKA,PARIT MELANA
1139,04,MELAKA,PAYA DALAM
1140,04,MELAKA,PAYA REDAN
1141,04,MELAKA,PAYA RUMPUT
1142,04,MELAKA,PEGOH
1143,04,MELAKA,PEKAN ASAHAN
1144,04,MELAKA,PEKAN AYER MOLEK
1145,04,MELAKA,PEKAN BATANG MELAKA
1146,04,MELAKA,PEKAN BATU BERENDAM
1147,04,MELAKA,PEKAN BEMBAN
1148,04,MELAKA,PEKAN BUKIT RAMBAI
1149,04,MELAKA,PEKAN CHINCHIN
1150,04,MELAKA,PEKAN DURIAN TUNGGAL
1151,04,MELAKA,PEKAN KANDANG
1152,04,MELAKA,PEKAN KESANG PAJAK
1153,04,MELAKA,PEKAN KLEBANG
1154,04,MELAKA,PEKAN KUALA SG BARU
1155,04,MELAKA,PEKAN LUBOK CHINA
1156,04,MELAKA,PEKAN NYALAS
1157,04,MELAKA,PEKAN PAYA RUMPUT
1158,04,MELAKA,PEKAN REMBIA
1159,04,MELAKA,PEKAN SELANDAR
1160,04,MELAKA,PEKAN SEMPANG BEKOH
1161,04,MELAKA,PEKAN SUNGEI RAMBAI
1162,04,MELAKA,PEKAN SUNGEI UDANG
1163,04,MELAKA,PEKAN TANGGA BATU
1164,04,MELAKA,PEKAN TANJONG KLING
1165,04,MELAKA,PENGKALAN LAMA
1166,04,MELAKA,PENGKALAN RAMA
1167,04,MELAKA,PERINGGIT JAYA
1168,04,MELAKA,PERMATANG PASIR
1169,04,MELAKA,PERNU
1170,04,MELAKA,PLAZA MELAKA
1171,04,MELAKA,POKOK MANGGA
1172,04,MELAKA,PONDOK BATANG
1173,04,MELAKA,POS ASAHAN
1174,04,MELAKA,PRINGGIT
1175,04,MELAKA,PULAU GADONG
1176,04,MELAKA,PULAU SEBANG
1177,04,MELAKA,RAMUAN CHINA BESAR
1178,04,MELAKA,RAMUAN CHINA KECHIL
1179,04,MELAKA,RANTAU PANJANG
1180,04,MELAKA,REMBIA
1181,04,MELAKA,RIM
1182,04,MELAKA,RUMBIA
1183,04,MELAKA,SEBATU
1184,04,MELAKA,SELANDAR
1185,04,MELAKA,SEMABOK
1186,04,MELAKA,SEMPANG
1187,04,MELAKA,SEMPANG EMPAT
1188,04,MELAKA,SEMUJUK MERLIMAU
1189,04,MELAKA,SERKAM
1190,04,MELAKA,SERKAM MERLIMAU
1191,04,MELAKA,SIMPANG AMPAT
1192,04,MELAKA,SIMPANG BEKOH
1193,04,MELAKA,SOLOK BUKIT BARU DALAM
1194,04,MELAKA,SUNGAI RAMBAI
1195,04,MELAKA,SUNGAI UDANG
1196,04,MELAKA,SUNGAI UDANG JAYA
1197,04,MELAKA,SUNGEI BARU ILIR
1198,04,MELAKA,SUNGEI BARU TENGAH
1199,04,MELAKA,SUNGEI BARU ULU
1200,04,MELAKA,SUNGEI BULOH
1201,04,MELAKA,SUNGEI PETAI
1202,04,MELAKA,SUNGEI SIPUT
1203,04,MELAKA,TABOH NANING
1204,04,MELAKA,TAMAN AIR MOLEK
1205,04,MELAKA,TAMAN KOTA LAKSAMANA
1206,04,MELAKA,TAMPIN
1207,04,MELAKA,TANGGA BATU
1208,04,MELAKA,TANGKAK
1209,04,MELAKA,TANJONG KLING
1210,04,MELAKA,TANJONG MINYAK
1211,04,MELAKA,TANJONG RIMAU
1212,04,MELAKA,TANJUNG BIDARA
1213,04,MELAKA,TANJUNG MINYAKMALIM
1214,04,MELAKA,TEBONG
1215,04,MELAKA,TEDONG
1216,04,MELAKA,TEHEL
1217,04,MELAKA,TELOK EMAS
1218,04,MELAKA,TELOK MAS
1219,04,MELAKA,TELUK EMAS
1220,04,MELAKA,TELUK MAS
1221,04,MELAKA,TENGKERA
1222,04,MELAKA,TENGKERA JAYA
1223,04,MELAKA,TIANG DUA
1224,04,MELAKA,TIANG DUA BUKIT LINTANG
1225,04,MELAKA,UJONG PASIR
1226,04,MELAKA,UMBAI
1227,05,NEGERI SEMBILAN,AIR KUNING SELATAN
1228,05,NEGERI SEMBILAN,ALOR GAJAH
1229,05,NEGERI SEMBILAN,AMPANG TINGGI
1230,05,NEGERI SEMBILAN,AMPANGAN
1231,05,NEGERI SEMBILAN,AYER KUNING
1232,05,NEGERI SEMBILAN,AYER KUNING SELATAN
1233,05,NEGERI SEMBILAN,BAHAU
1234,05,NEGERI SEMBILAN,BANDAR BAHAU
1235,05,NEGERI SEMBILAN,BANDAR BARU ENSTEK
1236,05,NEGERI SEMBILAN,BANDAR BARU KOTA SRI MAS
1237,05,NEGERI SEMBILAN,BANDAR BARU SERTING
1238,05,NEGERI SEMBILAN,BANDAR ENSTEK
1239,05,NEGERI SEMBILAN,BANDAR ENSTEK NILAI
1240,05,NEGERI SEMBILAN,BANDAR GEMAS
1241,05,NEGERI SEMBILAN,BANDAR KUALA KLAWANG
1242,05,NEGERI SEMBILAN,BANDAR KUALA PILAH
1243,05,NEGERI SEMBILAN,BANDAR MANTIN UTAMA
1244,05,NEGERI SEMBILAN,BANDAR NILAI UTAMA
1245,05,NEGERI SEMBILAN,BANDAR PORT DICKSON
1246,05,NEGERI SEMBILAN,BANDAR REMBAU
1247,05,NEGERI SEMBILAN,BANDAR SEREMBAN
1248,05,NEGERI SEMBILAN,BANDAR SEREMBAN 3
1249,05,NEGERI SEMBILAN,BANDAR SEREMBAN UTAMA
1250,05,NEGERI SEMBILAN,BANDAR SERI JEMPOL
1251,05,NEGERI SEMBILAN,BANDAR SERI SENDAYAN
1252,05,NEGERI SEMBILAN,BANDAR SERTING
1253,05,NEGERI SEMBILAN,BANDAR SRI JEMPOL
1254,05,NEGERI SEMBILAN,BANDAR SRI SENDAYAN
1255,05,NEGERI SEMBILAN,BANDAR TAMPIN
1256,05,NEGERI SEMBILAN,BANDAR TELOK KEMANG
1257,05,NEGERI SEMBILAN,BATANG MELAKA
1258,05,NEGERI SEMBILAN,BATU HAMPAR
1259,05,NEGERI SEMBILAN,BATU KIKIR
1260,05,NEGERI SEMBILAN,BERANANG
1261,05,NEGERI SEMBILAN,BONGEK
1262,05,NEGERI SEMBILAN,BROGA
1263,05,NEGERI SEMBILAN,BUKIT PELANDOK
1264,05,NEGERI SEMBILAN,CHEMBONG
1265,05,NEGERI SEMBILAN,CHENGKAU
1266,05,NEGERI SEMBILAN,CHUAH
1267,05,NEGERI SEMBILAN,DURIAN TIPUS
1268,05,NEGERI SEMBILAN,FELDA SENDAYAN
1269,05,NEGERI SEMBILAN,GADONG
1270,05,NEGERI SEMBILAN,GEMAS
1271,05,NEGERI SEMBILAN,GEMENCHEH
1272,05,NEGERI SEMBILAN,GLAMI LEMI
1273,05,NEGERI SEMBILAN,JELAI
1274,05,NEGERI SEMBILAN,JELEBU
1275,05,NEGERI SEMBILAN,JELEI
1276,05,NEGERI SEMBILAN,JEMAPOH
1277,05,NEGERI SEMBILAN,JEMPOL
1278,05,NEGERI SEMBILAN,JIMAH
1279,05,NEGERI SEMBILAN,JOHOL
1280,05,NEGERI SEMBILAN,JUASSEH
1281,05,NEGERI SEMBILAN,KENABOI
1282,05,NEGERI SEMBILAN,KEPIS
1283,05,NEGERI SEMBILAN,KERU
1284,05,NEGERI SEMBILAN,KOTA
1285,05,NEGERI SEMBILAN,KOTA SERI EMAS
1286,05,NEGERI SEMBILAN,KUALA JEMPOL
1287,05,NEGERI SEMBILAN,KUALA KLAWANG
1288,05,NEGERI SEMBILAN,KUALA PILAH
1289,05,NEGERI SEMBILAN,KUALA SAWAH
1290,05,NEGERI SEMBILAN,KUNDOR
1291,05,NEGERI SEMBILAN,LABU
1292,05,NEGERI SEMBILAN,LADANG GEDDES
1293,05,NEGERI SEMBILAN,LANGKAP
1294,05,NEGERI SEMBILAN,LEGONG ILIR
1295,05,NEGERI SEMBILAN,LEGONG ULU
1296,05,NEGERI SEMBILAN,LENGGENG
1297,05,NEGERI SEMBILAN,LINGGI
1298,05,NEGERI SEMBILAN,LUBOK CHINA
1299,05,NEGERI SEMBILAN,LUBOK CINA
1300,05,NEGERI SEMBILAN,LUKUT
1301,05,NEGERI SEMBILAN,MANTIN
1302,05,NEGERI SEMBILAN,MELAKA
1303,05,NEGERI SEMBILAN,MIKU
1304,05,NEGERI SEMBILAN,NEGERI SEMBILAN
1305,05,NEGERI SEMBILAN,NERASAU
1306,05,NEGERI SEMBILAN,NILAI
1307,05,NEGERI SEMBILAN,NLAI
1308,05,NEGERI SEMBILAN,PAJAM
1309,05,NEGERI SEMBILAN,PANTAI
1310,05,NEGERI SEMBILAN,PARIT TINGGI
1311,05,NEGERI SEMBILAN,PASIR BESAR
1312,05,NEGERI SEMBILAN,PASIR PANJANG
1313,05,NEGERI SEMBILAN,PEDAS
1314,05,NEGERI SEMBILAN,PEKAN AIR KUNING
1315,05,NEGERI SEMBILAN,PEKAN AIR MAWANG
1316,05,NEGERI SEMBILAN,PEKAN AYER KUNING
1317,05,NEGERI SEMBILAN,PEKAN AYER KUNING SELATAN
1318,05,NEGERI SEMBILAN,PEKAN BAGAN PINANG
1319,05,NEGERI SEMBILAN,PEKAN BAHAU
1320,05,NEGERI SEMBILAN,PEKAN BATANG MELAKA
1321,05,NEGERI SEMBILAN,PEKAN BATU KIKIR
1322,05,NEGERI SEMBILAN,PEKAN BROGA
1323,05,NEGERI SEMBILAN,PEKAN BUKIT GELUGOR
1324,05,NEGERI SEMBILAN,PEKAN BUKIT KEPAYANG
1325,05,NEGERI SEMBILAN,PEKAN BUKIT PELANDOK
1326,05,NEGERI SEMBILAN,PEKAN BUKTI
1327,05,NEGERI SEMBILAN,PEKAN CHEMBONG
1328,05,NEGERI SEMBILAN,PEKAN CHENGKAU
1329,05,NEGERI SEMBILAN,PEKAN CHUAH
1330,05,NEGERI SEMBILAN,PEKAN DANGI
1331,05,NEGERI SEMBILAN,PEKAN DANGI BARU
1332,05,NEGERI SEMBILAN,PEKAN DUSUN SETIA
1333,05,NEGERI SEMBILAN,PEKAN GEMENCHEH BAHRU
1334,05,NEGERI SEMBILAN,PEKAN GUNUNG PASIR
1335,05,NEGERI SEMBILAN,PEKAN JEMIMA
1336,05,NEGERI SEMBILAN,PEKAN JOHOL
1337,05,NEGERI SEMBILAN,PEKAN JUASSEH
1338,05,NEGERI SEMBILAN,PEKAN KAMPONG BATU
1339,05,NEGERI SEMBILAN,PEKAN KOTA
1340,05,NEGERI SEMBILAN,PEKAN KUALA JELEI
1341,05,NEGERI SEMBILAN,PEKAN KUALA KLAWANG
1342,05,NEGERI SEMBILAN,PEKAN LABU
1343,05,NEGERI SEMBILAN,PEKAN LADANG GEDDES
1344,05,NEGERI SEMBILAN,PEKAN LENGGENG
1345,05,NEGERI SEMBILAN,PEKAN LINGGI
1346,05,NEGERI SEMBILAN,PEKAN LUBOK CHINA
1347,05,NEGERI SEMBILAN,PEKAN LUKUT
1348,05,NEGERI SEMBILAN,PEKAN MAHSAN
1349,05,NEGERI SEMBILAN,PEKAN MANTIN
1350,05,NEGERI SEMBILAN,PEKAN MELANG
1351,05,NEGERI SEMBILAN,PEKAN MERBAU SEMBILAN
1352,05,NEGERI SEMBILAN,PEKAN NILAI
1353,05,NEGERI SEMBILAN,PEKAN PAJAM
1354,05,NEGERI SEMBILAN,PEKAN PANCHOR
1355,05,NEGERI SEMBILAN,PEKAN PARIT TINGGI
1356,05,NEGERI SEMBILAN,PEKAN PAROI
1357,05,NEGERI SEMBILAN,PEKAN PAROI JAYA
1358,05,NEGERI SEMBILAN,PEKAN PASIR BESAR
1359,05,NEGERI SEMBILAN,PEKAN PASIR PANJANG
1360,05,NEGERI SEMBILAN,PEKAN PEDAS
1361,05,NEGERI SEMBILAN,PEKAN PENG KEMPAS
1362,05,NEGERI SEMBILAN,PEKAN PERTANG
1363,05,NEGERI SEMBILAN,PEKAN PORT DICKSON
1364,05,NEGERI SEMBILAN,PEKAN RAHANG BARU
1365,05,NEGERI SEMBILAN,PEKAN RANTAU
1366,05,NEGERI SEMBILAN,PEKAN RASAH JAYA
1367,05,NEGERI SEMBILAN,PEKAN REMBAU
1368,05,NEGERI SEMBILAN,PEKAN REPAH
1369,05,NEGERI SEMBILAN,PEKAN REPAH JAYA
1370,05,NEGERI SEMBILAN,PEKAN REPAH PERMAI
1371,05,NEGERI SEMBILAN,PEKAN ROMPIN
1372,05,NEGERI SEMBILAN,PEKAN SENAWANG
1373,05,NEGERI SEMBILAN,PEKAN SEREMBAN JAYA
1374,05,NEGERI SEMBILAN,PEKAN SERI KENDONG
1375,05,NEGERI SEMBILAN,PEKAN SERI KOTA
1376,05,NEGERI SEMBILAN,PEKAN SERTING TENGAH
1377,05,NEGERI SEMBILAN,PEKAN SETUL
1378,05,NEGERI SEMBILAN,PEKAN SHAH BANDAR
1379,05,NEGERI SEMBILAN,PEKAN SIKAMAT
1380,05,NEGERI SEMBILAN,PEKAN SIMPANG DURIAN
1381,05,NEGERI SEMBILAN,PEKAN SIMPANG PERTANG
1382,05,NEGERI SEMBILAN,PEKAN SUNGAI GADUT
1383,05,NEGERI SEMBILAN,PEKAN SUNGAI MENYALA
1384,05,NEGERI SEMBILAN,PEKAN SUNGAI MUTOH
1385,05,NEGERI SEMBILAN,PEKAN TAMAN SEREMBAN
1386,05,NEGERI SEMBILAN,PEKAN TAMPIN TENGAH
1387,05,NEGERI SEMBILAN,PEKAN TANAH MERAH SELATAN
1388,05,NEGERI SEMBILAN,PEKAN TANAH MERAH UTARA
1389,05,NEGERI SEMBILAN,PEKAN TANJONG IPOH
1390,05,NEGERI SEMBILAN,PEKAN TELOK KEMANG
1391,05,NEGERI SEMBILAN,PEKAN TIROI
1392,05,NEGERI SEMBILAN,PEKAN TITI
1393,05,NEGERI SEMBILAN,PEKAN ULU BERANANG
1394,05,NEGERI SEMBILAN,PEKAN ULU TEMIANG
1395,05,NEGERI SEMBILAN,PERADONG
1396,05,NEGERI SEMBILAN,PERTANG
1397,05,NEGERI SEMBILAN,PILAH
1398,05,NEGERI SEMBILAN,PILIN
1399,05,NEGERI SEMBILAN,PORT DICKSON
1400,05,NEGERI SEMBILAN,PUSAT BANDAR PALONG
1401,05,NEGERI SEMBILAN,PUSAT BANDAR SERTING
1402,05,NEGERI SEMBILAN,RANTAU
1403,05,NEGERI SEMBILAN,RASAH
1404,05,NEGERI SEMBILAN,REMBAU
1405,05,NEGERI SEMBILAN,REPAH
1406,05,NEGERI SEMBILAN,ROMPIN
1407,05,NEGERI SEMBILAN,SELANDAR
1408,05,NEGERI SEMBILAN,SELEMAK
1409,05,NEGERI SEMBILAN,SELIAU
1410,05,NEGERI SEMBILAN,SEMENYIH
1411,05,NEGERI SEMBILAN,SEMERBOK
1412,05,NEGERI SEMBILAN,SENAWANG
1413,05,NEGERI SEMBILAN,SENDAYAN
1414,05,NEGERI SEMBILAN,SEREMBAN
1415,05,NEGERI SEMBILAN,SEREMBAN 2
1416,05,NEGERI SEMBILAN,SERI MENANTI
1417,05,NEGERI SEMBILAN,SERTING ILIR
1418,05,NEGERI SEMBILAN,SERTING ULU
1419,05,NEGERI SEMBILAN,SETUL
1420,05,NEGERI SEMBILAN,SI RUSA
1421,05,NEGERI SEMBILAN,SI RUSA PORT DICKSON
1422,05,NEGERI SEMBILAN,SIKAMAT
1423,05,NEGERI SEMBILAN,SILIAU
1424,05,NEGERI SEMBILAN,SIMPANG DURIAN
1425,05,NEGERI SEMBILAN,SIMPANG PERTANG
1426,05,NEGERI SEMBILAN,SPRI
1427,05,NEGERI SEMBILAN,SRI MENANTI
1428,05,NEGERI SEMBILAN,SRI RUSA
1429,05,NEGERI SEMBILAN,SUNGAI GADUT
1430,05,NEGERI SEMBILAN,TAMPIN
1431,05,NEGERI SEMBILAN,TAMPIN TENGAH
1432,05,NEGERI SEMBILAN,TANJONG IPOH
1433,05,NEGERI SEMBILAN,TANJONG KLING
1434,05,NEGERI SEMBILAN,TEBONG
1435,05,NEGERI SEMBILAN,TELOK KEMANG
1436,05,NEGERI SEMBILAN,TELUK KEMANG
1437,05,NEGERI SEMBILAN,TERACHI
1438,05,NEGERI SEMBILAN,TITI
1439,05,NEGERI SEMBILAN,TITIAN BINTANGOR
1440,05,NEGERI SEMBILAN,TRIANG ILIR
1441,05,NEGERI SEMBILAN,ULU JEMPOL
1442,05,NEGERI SEMBILAN,ULU KLAWANG
1443,05,NEGERI SEMBILAN,ULU MUAR
1444,05,NEGERI SEMBILAN,ULU TRIANG
1445,06,PAHANG,BALOK
1446,06,PAHANG,BALOK DARAT
1447,06,PAHANG,BALOK KUANTAN
1448,06,PAHANG,BANDAR 14 MUKIM KERATONG
1449,06,PAHANG,BANDAR 19 PERWIRA JAYA
1450,06,PAHANG,BANDAR BAHARU ROMPIN
1451,06,PAHANG,BANDAR BARU KUALA ROMPIN
1452,06,PAHANG,BANDAR BENTONG
1453,06,PAHANG,BANDAR BERA
1454,06,PAHANG,BANDAR CHANIS
1455,06,PAHANG,BANDAR ENDAU
1456,06,PAHANG,BANDAR GAMBANG
1457,06,PAHANG,BANDAR GEBENG
1458,06,PAHANG,BANDAR INDERA MAHKOTA
1459,06,PAHANG,BANDAR JENGKA
1460,06,PAHANG,BANDAR JERANTUT
1461,06,PAHANG,BANDAR KARAK
1462,06,PAHANG,BANDAR KUALA LIPIS
1463,06,PAHANG,BANDAR KUANTAN
1464,06,PAHANG,BANDAR MARAN
1465,06,PAHANG,BANDAR MENTAKAB
1466,06,PAHANG,BANDAR MUADZAM SHAH
1467,06,PAHANG,BANDAR MUADZAM SHAH I
1468,06,PAHANG,BANDAR MUADZAM SHAH II
1469,06,PAHANG,BANDAR PEKAN
1470,06,PAHANG,BANDAR PERWIRA JAYA
1471,06,PAHANG,BANDAR PONTIAN
1472,06,PAHANG,BANDAR PUSAT JENGKA
1473,06,PAHANG,BANDAR PUSAT JENGKA PAHANG
1474,06,PAHANG,BANDAR RAUB
1475,06,PAHANG,BANDAR ROMPIN I
1476,06,PAHANG,BANDAR ROMPIN II
1477,06,PAHANG,BANDAR ROMPIN III
1478,06,PAHANG,BANDAR ROMPIN IV
1479,06,PAHANG,BANDAR SATELIT MUADZAM SHAH
1480,06,PAHANG,BANDAR TANAH RATA
1481,06,PAHANG,BANDAR TEMERLOH
1482,06,PAHANG,BANDAR TIOMAN
1483,06,PAHANG,BANDAR TRIANG
1484,06,PAHANG,BANDAR TUN ABDUL RAZAK
1485,06,PAHANG,BANDAR TUN RAZAK
1486,06,PAHANG,BANDAR TUN RAZAK JENGKA
1487,06,PAHANG,BANGAU
1488,06,PAHANG,BATU TALAM
1489,06,PAHANG,BATU YON
1490,06,PAHANG,BEBAR
1491,06,PAHANG,BENTA
1492,06,PAHANG,BENTA KUALA LIPIS
1493,06,PAHANG,BENTONG
1494,06,PAHANG,BERA
1495,06,PAHANG,BESERAH
1496,06,PAHANG,BRINCHANG
1497,06,PAHANG,BUDU
1498,06,PAHANG,BUKIT FRASER
1499,06,PAHANG,BUKIT GOH
1500,06,PAHANG,BUKIT IBAM
1501,06,PAHANG,BUKIT SEGUMPAL
1502,06,PAHANG,BUKIT TINGGI
1503,06,PAHANG,BURAU
1504,06,PAHANG,CAMERON HIGHLANDS
1505,06,PAHANG,CHANIS
1506,06,PAHANG,CHEKA
1507,06,PAHANG,CHENOR
1508,06,PAHANG,CHEROH
1509,06,PAHANG,CHINI
1510,06,PAHANG,CHUKAI
1511,06,PAHANG,DAMAK
1512,06,PAHANG,DONG
1513,06,PAHANG,ENDAU
1514,06,PAHANG,GALI
1515,06,PAHANG,GAMBANG
1516,06,PAHANG,GENTING HIGHLANDS
1517,06,PAHANG,GENTING SEMPAH
1518,06,PAHANG,GUA
1519,06,PAHANG,INDERA MAHKOTA
1520,06,PAHANG,JANDA BAIK
1521,06,PAHANG,JAYA GADING
1522,06,PAHANG,JENDERAK
1523,06,PAHANG,JENGKA
1524,06,PAHANG,JENGKA 15
1525,06,PAHANG,JERANTUT
1526,06,PAHANG,KAMPUNG MELA
1527,06,PAHANG,KAMPUNG RAJA
1528,06,PAHANG,KAMPUNG RAJA TANAH RATA
1529,06,PAHANG,KAMPUNG TRINGKAP
1530,06,PAHANG,KARAK
1531,06,PAHANG,KEA FARM
1532,06,PAHANG,KECHAU
1533,06,PAHANG,KECIL GEBENG
1534,06,PAHANG,KECIL GENTING
1535,06,PAHANG,KECIL JELAI
1536,06,PAHANG,KECIL MUADZAM SHAH
1537,06,PAHANG,KELOLA
1538,06,PAHANG,KEMAYAN
1539,06,PAHANG,KERATONG
1540,06,PAHANG,KERDAU
1541,06,PAHANG,KERTAU
1542,06,PAHANG,KUALA KRAU
1543,06,PAHANG,KUALA KUANTAN
1544,06,PAHANG,KUALA LIPIS
1545,06,PAHANG,KUALA PAHANG
1546,06,PAHANG,KUALA ROMPIN
1547,06,PAHANG,KUALA TANAH RATA
1548,06,PAHANG,KUALA TEMBELING
1549,06,PAHANG,KUALA TERLA
1550,06,PAHANG,KUALA TERLA TANAH RATA
1551,06,PAHANG,KUANTAN
1552,06,PAHANG,LANCHANG
1553,06,PAHANG,LANGGAR
1554,06,PAHANG,LEBAK
1555,06,PAHANG,LEMBAH BERTAM
1556,06,PAHANG,LEPAR
1557,06,PAHANG,LIPAT KAJANG
1558,06,PAHANG,LIPIS
1559,06,PAHANG,LUIT
1560,06,PAHANG,LURAH BILUT
1561,06,PAHANG,MARAN
1562,06,PAHANG,MELA
1563,06,PAHANG,MENGKARAK
1564,06,PAHANG,MENGKUANG
1565,06,PAHANG,MENTAKAB
1566,06,PAHANG,MERSING
1567,06,PAHANG,MUADZAM SHAH
1568,06,PAHANG,NENASI
1569,06,PAHANG,PADANG TENGKU
1570,06,PAHANG,PAHANG
1571,06,PAHANG,PAHANG TUA
1572,06,PAHANG,PEDAH
1573,06,PAHANG,PEKAN
1574,06,PAHANG,PEKAN AWAH TEMERLOH
1575,06,PAHANG,PEKAN BENTA
1576,06,PAHANG,PEKAN BESERAH
1577,06,PAHANG,PEKAN BRINCANG
1578,06,PAHANG,PEKAN BUKIT FRASER
1579,06,PAHANG,PEKAN CHENOR
1580,06,PAHANG,PEKAN DONG
1581,06,PAHANG,PEKAN DURIAN TAWAR
1582,06,PAHANG,PEKAN JERANSANG
1583,06,PAHANG,PEKAN KERDAU
1584,06,PAHANG,PEKAN KUALA KERAU
1585,06,PAHANG,PEKAN KUALA PAHANG
1586,06,PAHANG,PEKAN KUALA ROMPIN
1587,06,PAHANG,PEKAN KUALA TEMBELING
1588,06,PAHANG,PEKAN LANCHANG
1589,06,PAHANG,PEKAN LUBOK TAMANG
1590,06,PAHANG,PEKAN MENGKARAK
1591,06,PAHANG,PEKAN MENGKUANG
1592,06,PAHANG,PEKAN NENASI
1593,06,PAHANG,PEKAN PADANG TENGKU
1594,06,PAHANG,PEKAN RAUB
1595,06,PAHANG,PEKAN RINGLET
1596,06,PAHANG,PEKAN SANG LEE
1597,06,PAHANG,PEKAN SRI JAYA
1598,06,PAHANG,PEKAN SUNGAI KELAU
1599,06,PAHANG,PEKAN SUNGAI RUAN
1600,06,PAHANG,PEKAN TAJAU
1601,06,PAHANG,PEKAN TANJUNG LUMPUR
1602,06,PAHANG,PEKAN TELEMUNG
1603,06,PAHANG,PEKAN TIOMAN
1604,06,PAHANG,PEKAN TRAS
1605,06,PAHANG,PELANGAI
1606,06,PAHANG,PENJOM
1607,06,PAHANG,PENOR
1608,06,PAHANG,PENYOR
1609,06,PAHANG,PERAK
1610,06,PAHANG,PERAMU PEKAN
1611,06,PAHANG,PERANTAU DAMAI
1612,06,PAHANG,PERWIRA JAYA
1613,06,PAHANG,PONTIAN
1614,06,PAHANG,PULAU MANIS
1615,06,PAHANG,PULAU RUSA
1616,06,PAHANG,PULAU TAWAR
1617,06,PAHANG,PULAU TIOMAN
1618,06,PAHANG,PUSAT BANDAR JENGKA
1619,06,PAHANG,RAUB
1620,06,PAHANG,RINGLET
1621,06,PAHANG,ROMPIN
1622,06,PAHANG,SABAI
1623,06,PAHANG,SANGGANG
1624,06,PAHANG,SEGA
1625,06,PAHANG,SEMANTAN
1626,06,PAHANG,SEMANTAN ULU
1627,06,PAHANG,SIMPANG AMPAT
1628,06,PAHANG,SUNGAI KARANG
1629,06,PAHANG,SUNGAI KLAU
1630,06,PAHANG,SUNGAI KOYAN
1631,06,PAHANG,SUNGAI LEMBING
1632,06,PAHANG,SUNGAI RUAN
1633,06,PAHANG,TAMAN CAMERON GOLDEN HILLS
1634,06,PAHANG,TANAH RATA
1635,06,PAHANG,TANAH RATA PAHANG
1636,06,PAHANG,TANJUNG BESAR
1637,06,PAHANG,TEBING TINGGI
1638,06,PAHANG,TEH
1639,06,PAHANG,TELANG
1640,06,PAHANG,TELEMONG
1641,06,PAHANG,TEMAI
1642,06,PAHANG,TEMBELING
1643,06,PAHANG,TEMERLOH
1644,06,PAHANG,TEMOH
1645,06,PAHANG,TIOMAN
1646,06,PAHANG,TRAS
1647,06,PAHANG,TRIANG
1648,06,PAHANG,TRINGKAP
1649,06,PAHANG,ULU CHEKA
1650,06,PAHANG,ULU DONG
1651,06,PAHANG,ULU JELAI
1652,06,PAHANG,ULU KUANTAN
1653,06,PAHANG,ULU LEPAR
1654,06,PAHANG,ULU TELOM
1655,06,PAHANG,ULU TEMBELING
1656,06,PAHANG,VALLEY BRINCHANG
1657,08,PERAK,AIR KUNING
1658,08,PERAK,ALOR PONGSU
1659,08,PERAK,ASAM KUMBANG
1660,08,PERAK,ASSAM KUMBANG
1661,08,PERAK,AYER TAWAR
1662,08,PERAK,BAGAN DATOH
1663,08,PERAK,BAGAN DATOK
1664,08,PERAK,BAGAN DATUK
1665,08,PERAK,BAGAN SERAI
1666,08,PERAK,BAGAN TIANG
1667,08,PERAK,BANDAR
1668,08,PERAK,BANDAR BAGAN SERAI
1669,08,PERAK,BANDAR BAHARU
1670,08,PERAK,BANDAR BATU GAJAH
1671,08,PERAK,BANDAR BIDOR
1672,08,PERAK,BANDAR CHEMOR
1673,08,PERAK,BANDAR CHENDERIANG
1674,08,PERAK,BANDAR GERIK
1675,08,PERAK,BANDAR GOPENG
1676,08,PERAK,BANDAR IPOH N
1677,08,PERAK,BANDAR IPOH S
1678,08,PERAK,BANDAR JELAPANG
1679,08,PERAK,BANDAR KAMPAR
1680,08,PERAK,BANDAR KAMUNTING
1681,08,PERAK,BANDAR KELIAN INTAN
1682,08,PERAK,BANDAR KUALA KANGSAR
1683,08,PERAK,BANDAR KUALA KURAU
1684,08,PERAK,BANDAR KUALA SEPETANG
1685,08,PERAK,BANDAR LAHAT
1686,08,PERAK,BANDAR LAWIN
1687,08,PERAK,BANDAR LENGGONG
1688,08,PERAK,BANDAR LUMUT
1689,08,PERAK,BANDAR MATANG
1690,08,PERAK,BANDAR MENGLEMBU
1691,08,PERAK,BANDAR MERU RAYA
1692,08,PERAK,BANDAR PAPAN
1693,08,PERAK,BANDAR PARIT BUNTAR
1694,08,PERAK,BANDAR PENGKALAN HULU
1695,08,PERAK,BANDAR PROTON
1696,08,PERAK,BANDAR PUSING
1697,08,PERAK,BANDAR SELAMA
1698,08,PERAK,BANDAR SEPUTEH
1699,08,PERAK,BANDAR SERI ISKANDAR
1700,08,PERAK,BANDAR SLIM RIVER
1701,08,PERAK,BANDAR SUNGAI RAYA
1702,08,PERAK,BANDAR SUNGAI SIPUT
1703,08,PERAK,BANDAR SUNGKAI
1704,08,PERAK,BANDAR TAIPING
1705,08,PERAK,BANDAR TAMBUN
1706,08,PERAK,BANDAR TANJONG MALIM
1707,08,PERAK,BANDAR TANJONG RAMBUTAN
1708,08,PERAK,BANDAR TAPAH
1709,08,PERAK,BANDAR TELUK INTAN
1710,08,PERAK,BANDAR TEMOH
1711,08,PERAK,BANDAR TRONOH
1712,08,PERAK,BANGAN PASIR
1713,08,PERAK,BANGGOL JAS SELAMA
1714,08,PERAK,BATANG PADANG
1715,08,PERAK,BATU 10
1716,08,PERAK,BATU GAJAH
1717,08,PERAK,BATU KURAU
1718,08,PERAK,BEHRANG
1719,08,PERAK,BEHRANG STATION
1720,08,PERAK,BEHRANG STESEN
1721,08,PERAK,BEHRANG ULU
1722,08,PERAK,BELANJA
1723,08,PERAK,BELUKAR SEMANG
1724,08,PERAK,BELUM
1725,08,PERAK,BERCHAM
1726,08,PERAK,BERIAH
1727,08,PERAK,BERSOUT
1728,08,PERAK,BERUAS
1729,08,PERAK,BIDOR
1730,08,PERAK,BOTA
1731,08,PERAK,BOTA KANAN
1732,08,PERAK,BOTA KIRI
1733,08,PERAK,BRINCHANG
1734,08,PERAK,BRUAS
1735,08,PERAK,BUKIT GANTANG
1736,08,PERAK,BUKIT MERAH
1737,08,PERAK,BUKIT PEKAN
1738,08,PERAK,BUNTONG
1739,08,PERAK,CAMERON HIGHLAND
1740,08,PERAK,CHANGKAT JERING
1741,08,PERAK,CHANGKAT JONG
1742,08,PERAK,CHEGAR GALAH
1743,08,PERAK,CHEMOR
1744,08,PERAK,CHENDERIANG
1745,08,PERAK,CHENDERONG BALAI
1746,08,PERAK,CHEPOR
1747,08,PERAK,CHEPOR DALAM
1748,08,PERAK,CHIKUS
1749,08,PERAK,DANGLANG
1750,08,PERAK,DURIAN PIPIT
1751,08,PERAK,DURIAN SEBATANG
1752,08,PERAK,ENGGOR
1753,08,PERAK,FALIM
1754,08,PERAK,GELUNG PEPUYU
1755,08,PERAK,GERIK
1756,08,PERAK,GOPENG
1757,08,PERAK,GREENTOWN
1758,08,PERAK,GRIK
1759,08,PERAK,GUAR CHEMPEDAK
1760,08,PERAK,GUNONG SEMANGGOL
1761,08,PERAK,GUNUNG RAPAT
1762,08,PERAK,HILIR PERAK
1763,08,PERAK,HULU BERNAM
1764,08,PERAK,HULU BERNAM BARAT
1765,08,PERAK,HULU BERNAM TIMOR
1766,08,PERAK,HULU IJOK
1767,08,PERAK,HULU KINTA
1768,08,PERAK,HULU PERAK
1769,08,PERAK,HULU SELAMA
1770,08,PERAK,HUTAN MELINTANG
1771,08,PERAK,IJOK
1772,08,PERAK,INTAN
1773,08,PERAK,IPOH
1774,08,PERAK,JAYA BARU
1775,08,PERAK,JEBONG
1776,08,PERAK,JEBONG MATANG
1777,08,PERAK,JELAPANG
1778,08,PERAK,JERAM
1779,08,PERAK,KAMPAR
1780,08,PERAK,KAMPONG BUAYA
1781,08,PERAK,KAMPUNG BOYAN
1782,08,PERAK,KAMPUNG GAJAH
1783,08,PERAK,KAMPUNG KEPAYANG
1784,08,PERAK,KAMPUNG KEPAYANG SUNGAI RAYA
1785,08,PERAK,KAMPUNG MENDOK
1786,08,PERAK,KAMPUNG SAHOM
1787,08,PERAK,KAMPUNG SINDU
1788,08,PERAK,KAMPUNG TAWAS
1789,08,PERAK,KAMPUNG TELUK SENA MUKIM LAMBOR KIRI
1790,08,PERAK,KAMPUNG TERSUSUN
1791,08,PERAK,KAMUNTING
1792,08,PERAK,KARAI
1793,08,PERAK,KATI
1794,08,PERAK,KAW PERINDUSTRIAN MENGLEMBU
1795,08,PERAK,KENERING
1796,08,PERAK,KEPAYANG
1797,08,PERAK,KERIAN
1798,08,PERAK,KERUNAI
1799,08,PERAK,KINTA
1800,08,PERAK,KLIAN INTAN
1801,08,PERAK,KOTA LAMA KANAN
1802,08,PERAK,KOTA LAMA KIRI
1803,08,PERAK,KOTA SETIA
1804,08,PERAK,KUAK
1805,08,PERAK,KUALA DIPANG
1806,08,PERAK,KUALA GULA
1807,08,PERAK,KUALA KANGSAR
1808,08,PERAK,KUALA KUANG
1809,08,PERAK,KUALA KUBU BAHARU
1810,08,PERAK,KUALA KURAU
1811,08,PERAK,KUALA SEPETANG
1812,08,PERAK,KUBU GAJAH
1813,08,PERAK,KUBU GAJAH SELAMA
1814,08,PERAK,LABU KUBONG
1815,08,PERAK,LAHAT
1816,08,PERAK,LAMBOR
1817,08,PERAK,LAMBOR KANAN
1818,08,PERAK,LAMBOR KIRI
1819,08,PERAK,LANGKAP
1820,08,PERAK,LARUT MATANG DAN SELAMA
1821,08,PERAK,LARUT MATANG SELAMA
1822,08,PERAK,LAWIN
1823,08,PERAK,LAYANG LAYANG
1824,08,PERAK,LEKIR
1825,08,PERAK,LEMBAH BERIAH
1826,08,PERAK,LENGGONG
1827,08,PERAK,LIMAN KATI
1828,08,PERAK,LINTANG
1829,08,PERAK,LUBOK MERBAU
1830,08,PERAK,LUBUK MERBAU
1831,08,PERAK,LUMUT
1832,08,PERAK,MALIM NAWAR
1833,08,PERAK,MALIM NAWAR PERAK
1834,08,PERAK,MAMBANG DIAWAN
1835,08,PERAK,MANJUNG
1836,08,PERAK,MANONG
1837,08,PERAK,MATANG
1838,08,PERAK,MENGLEMBU
1839,08,PERAK,MENGLEMBU REGROUPING AREA
1840,08,PERAK,MUALLIM
1841,08,PERAK,NIBONG TEBAL
1842,08,PERAK,PADANG RENGAS
1843,08,PERAK,PANGKOR
1844,08,PERAK,PANTAI REMIS
1845,08,PERAK,PAPAN
1846,08,PERAK,PARIT
1847,08,PERAK,PARIT BUNTAR
1848,08,PERAK,PASIR PANJANG HULU
1849,08,PERAK,PASIR PUTEH
1850,08,PERAK,PASIR PUTIH
1851,08,PERAK,PASIR SALAK
1852,08,PERAK,PEKAN AYER KUNING
1853,08,PERAK,PEKAN AYER TAWAR
1854,08,PERAK,PEKAN BAGAN DATUK
1855,08,PERAK,PEKAN BANIR
1856,08,PERAK,PEKAN BATAK RABIT
1857,08,PERAK,PEKAN BATU DUA PULOH
1858,08,PERAK,PEKAN BATU KURAU
1859,08,PERAK,PEKAN BERUAS
1860,08,PERAK,PEKAN BIKAM
1861,08,PERAK,PEKAN BOTA KANAN
1862,08,PERAK,PEKAN BUKIT MERAH
1863,08,PERAK,PEKAN CHANGKAT KERUING
1864,08,PERAK,PEKAN CHIKUS
1865,08,PERAK,PEKAN DAMAR LAUT
1866,08,PERAK,PEKAN DEGONG
1867,08,PERAK,PEKAN GUNONG PONDOK
1868,08,PERAK,PEKAN GURNEY SITIAWAN
1869,08,PERAK,PEKAN HUTAN MELINTANG
1870,08,PERAK,PEKAN JALAN BARU
1871,08,PERAK,PEKAN JENDARATA
1872,08,PERAK,PEKAN JERLUN
1873,08,PERAK,PEKAN KAMPONG BAHARU
1874,08,PERAK,PEKAN KAMPONG BULOH AKAR
1875,08,PERAK,PEKAN KAMPONG KOH
1876,08,PERAK,PEKAN KAMPONG SITIAWAN
1877,08,PERAK,PEKAN KAMPONG SUNGAI HAJI MOHAMED
1878,08,PERAK,PEKAN KANTHAN
1879,08,PERAK,PEKAN KARAI
1880,08,PERAK,PEKAN KATI
1881,08,PERAK,PEKAN KLIAN INTAN
1882,08,PERAK,PEKAN KOTA BAHARU
1883,08,PERAK,PEKAN KOTA SETIA
1884,08,PERAK,PEKAN LANGKAP
1885,08,PERAK,PEKAN LUBOK MERBAU
1886,08,PERAK,PEKAN MALIM NAWAR
1887,08,PERAK,PEKAN MANONG
1888,08,PERAK,PEKAN PADANG RENGAS
1889,08,PERAK,PEKAN PANGKOR
1890,08,PERAK,PEKAN PANTAI REMIS
1891,08,PERAK,PEKAN PARIT
1892,08,PERAK,PEKAN PASIR BOGAK
1893,08,PERAK,PEKAN PEKAN GURNEY
1894,08,PERAK,PEKAN PENGKALAN BAHARU
1895,08,PERAK,PEKAN PONDOK TANJONG
1896,08,PERAK,PEKAN RANTAU PANJANG
1897,08,PERAK,PEKAN SALAK
1898,08,PERAK,PEKAN SEGARI
1899,08,PERAK,PEKAN SELEKOH
1900,08,PERAK,PEKAN SIMPANG
1901,08,PERAK,PEKAN SIMPANG EMPAT
1902,08,PERAK,PEKAN SIMPANG LIMA
1903,08,PERAK,PEKAN SIMPANG PULAI
1904,08,PERAK,PEKAN SIMPANG TIGA
1905,08,PERAK,PEKAN SITIAWAN
1906,08,PERAK,PEKAN SLIM
1907,08,PERAK,PEKAN SUNGAI BAYUR
1908,08,PERAK,PEKAN SUNGAI LESONG
1909,08,PERAK,PEKAN SUNGAI PINANG KECHIL
1910,08,PERAK,PEKAN SUNGAI SUMUN
1911,08,PERAK,PEKAN TANJONG BELANJA
1912,08,PERAK,PEKAN TANJONG PIANDANG
1913,08,PERAK,PEKAN TANJONG TUALANG
1914,08,PERAK,PEKAN TAPAH ROAD
1915,08,PERAK,PEKAN TEMOH STATION
1916,08,PERAK,PEKAN TEROLAK
1917,08,PERAK,PEKAN TERUNG
1918,08,PERAK,PENGKALAN
1919,08,PERAK,PENGKALAN AOR
1920,08,PERAK,PENGKALAN BAHARU
1921,08,PERAK,PENGKALAN HULI
1922,08,PERAK,PENGKALAN HULU
1923,08,PERAK,PERAK
1924,08,PERAK,PERAK TENGAH
1925,08,PERAK,PONDOK TANJUNG
1926,08,PERAK,PREMIS
1927,08,PERAK,PULAU KAMIRI
1928,08,PERAK,PULAU PANGKOR
1929,08,PERAK,PULAU TIGA
1930,08,PERAK,PUSING
1931,08,PERAK,PUSNG
1932,08,PERAK,RANTAU PANJANG
1933,08,PERAK,RANTAU PANJANG SELAMA
1934,08,PERAK,RUNGKUP
1935,08,PERAK,RUNGKUP SELEKOH
1936,08,PERAK,SALAK UTARA
1937,08,PERAK,SAUK
1938,08,PERAK,SAYUNG
1939,08,PERAK,SEBERANG PERAK
1940,08,PERAK,SELAMA
1941,08,PERAK,SELAMA PERAK
1942,08,PERAK,SELEKOH
1943,08,PERAK,SELINSING
1944,08,PERAK,SEMANGGOL
1945,08,PERAK,SERI ISKANDAR
1946,08,PERAK,SERI MANJUNG
1947,08,PERAK,SILIBIN
1948,08,PERAK,SIMPANG
1949,08,PERAK,SIMPANG 4
1950,08,PERAK,SIMPANG AMPAT
1951,08,PERAK,SIMPANG AMPAT GUNUNG SEMANGGOL
1952,08,PERAK,SIMPANG AMPAT SEMANGGOL
1953,08,PERAK,SIMPANG EMPAT
1954,08,PERAK,SIMPANG EMPAT SEMANGGOL
1955,08,PERAK,SIMPANG PULAI
1956,08,PERAK,SIPUTEH
1957,08,PERAK,SITIAWAN
1958,08,PERAK,SLIM
1959,08,PERAK,SLIM RIVER
1960,08,PERAK,SLIM VILLAGE
1961,08,PERAK,SRI ISKANDAR
1962,08,PERAK,SRI MANJUNG
1963,08,PERAK,STESEN BEHRANG
1964,08,PERAK,SUMUN
1965,08,PERAK,SUNGAI
1966,08,PERAK,SUNGAI DURIAN
1967,08,PERAK,SUNGAI LAMPAM
1968,08,PERAK,SUNGAI LIMAU
1969,08,PERAK,SUNGAI MANIK
1970,08,PERAK,SUNGAI RAYA
1971,08,PERAK,SUNGAI SIPUT
1972,08,PERAK,SUNGAI SIPUT U
1973,08,PERAK,SUNGAI SIPUT UTARA
1974,08,PERAK,SUNGAI SUMUN
1975,08,PERAK,SUNGAI TERAP
1976,08,PERAK,SUNGAI TINGGI
1977,08,PERAK,SUNGKAI
1978,08,PERAK,TAIPING
1979,08,PERAK,TAIPNG
1980,08,PERAK,TAJONG PIADANG
1981,08,PERAK,TAMAN FLAT KAMPAR
1982,08,PERAK,TAMAN KAMPAR
1983,08,PERAK,TAMAN MALIM
1984,08,PERAK,TAMAN MENGLEMBU BERLIAN
1985,08,PERAK,TAMAN PANTAI REMIS
1986,08,PERAK,TAMBUN
1987,08,PERAK,TANAH RATA
1988,08,PERAK,TANAH RATA PERAK
1989,08,PERAK,TANJONG MALIM
1990,08,PERAK,TANJONG PIADNAG
1991,08,PERAK,TANJONG PIANDANG
1992,08,PERAK,TANJONG RAMBUTAN
1993,08,PERAK,TANJONG TUALANG
1994,08,PERAK,TANJUNG PERAK
1995,08,PERAK,TAPAH
1996,08,PERAK,TAPAH ROAD
1997,08,PERAK,TAPING
1998,08,PERAK,TASEK
1999,08,PERAK,TEJA
2000,08,PERAK,TELU INTAN
2001,08,PERAK,TELUK BARU
2002,08,PERAK,TELUK INTAN
2003,08,PERAK,TELUK INTAN PERAK
2004,08,PERAK,TEMELONG
2005,08,PERAK,TEMENGOR
2006,08,PERAK,TEMOH
2007,08,PERAK,TERONG
2008,08,PERAK,TERUNG
2009,08,PERAK,TEUK INTAN
2010,08,PERAK,TG MALIM
2011,08,PERAK,TITI GANTONG
2012,08,PERAK,TLDM LUMUT
2013,08,PERAK,TRINGKAP
2014,08,PERAK,TROLAK
2015,08,PERAK,TRONG
2016,08,PERAK,TRONOH
2017,08,PERAK,TUPAI
2018,08,PERAK,ULU BERNAM
2019,08,PERAK,ULU CHEPOR
2020,08,PERAK,ULU DEDAP
2021,08,PERAK,ULU KINTA
2022,08,PERAK,ULU SELANGOR
2023,08,PERAK,ULU SEPETANG
2024,09,PERLIS,ABI
2025,09,PERLIS,ARAU
2026,09,PERLIS,AYER HITAM
2027,09,PERLIS,BANDAR ARAU
2028,09,PERLIS,BANDAR KANGAR
2029,09,PERLIS,BERSERI
2030,09,PERLIS,BESERI
2031,09,PERLIS,BUKIT KETERI
2032,09,PERLIS,CHUPING
2033,09,PERLIS,CHUPING MATA AYER
2034,09,PERLIS,FELDA CUPING
2035,09,PERLIS,JEJAWI
2036,09,PERLIS,KAKI BUKIT
2037,09,PERLIS,KANGAR
2038,09,PERLIS,KAYANG
2039,09,PERLIS,KECHOR
2040,09,PERLIS,KUALA BERANG
2041,09,PERLIS,KUALA PERLIS
2042,09,PERLIS,KUALA SANGLANG
2043,09,PERLIS,KURONG ANAI
2044,09,PERLIS,KURONG BATANG
2045,09,PERLIS,MATA AIR
2046,09,PERLIS,MATA AYER
2047,09,PERLIS,NGULANG
2048,09,PERLIS,ORAN
2049,09,PERLIS,PADANG BESAR
2050,09,PERLIS,PADANG BESAR U
2051,09,PERLIS,PADANG BESAR UTARA
2052,09,PERLIS,PADANG PAUH
2053,09,PERLIS,PADANG SIDING
2054,09,PERLIS,PAUH
2055,09,PERLIS,PAYA
2056,09,PERLIS,PEKAN KAKI BUKIT
2057,09,PERLIS,PEKAN KUALA PERLIS
2058,09,PERLIS,PERLIS
2059,09,PERLIS,SANGLANG
2060,09,PERLIS,SENA
2061,09,PERLIS,SERIAB
2062,09,PERLIS,SIMPANG AMPAT
2063,09,PERLIS,SIMPANG EMPAT
2064,09,PERLIS,SIMPANG EMPAT KANGAR
2065,09,PERLIS,SUNGAI ADAM
2066,09,PERLIS,TITI TINGGI
2067,09,PERLIS,ULU PAUH
2068,09,PERLIS,UTAN AJI
2069,09,PERLIS,WANG BINTONG
2070,07,PULAU PINANG,AIR HITAM
2071,07,PULAU PINANG,AIR IAM
2072,07,PULAU PINANG,AIR ITAM
2073,07,PULAU PINANG,AIYER ITAM
2074,07,PULAU PINANG,ALMA
2075,07,PULAU PINANG,AMPANG
2076,07,PULAU PINANG,AYER HITAM
2077,07,PULAU PINANG,AYER ITAM
2078,07,PULAU PINANG,BAGAN AJAM
2079,07,PULAU PINANG,BAGAN LUAR
2080,07,PULAU PINANG,BALAI PULAU
2081,07,PULAU PINANG,BALIK PULAU
2082,07,PULAU PINANG,BANDAR AYER ITAM
2083,07,PULAU PINANG,BANDAR BAHRU
2084,07,PULAU PINANG,BANDAR BALIK PULAU
2085,07,PULAU PINANG,BANDAR BARU AYER ITAM
2086,07,PULAU PINANG,BANDAR BATU FERINGGI
2087,07,PULAU PINANG,BANDAR BAYAN LEPAS
2088,07,PULAU PINANG,BANDAR BUKIT BENDERA
2089,07,PULAU PINANG,BANDAR BUKIT MERTAJAM
2090,07,PULAU PINANG,BANDAR BUTTERWORTH
2091,07,PULAU PINANG,BANDAR CASSIA
2092,07,PULAU PINANG,BANDAR GEORGE TOWN
2093,07,PULAU PINANG,BANDAR GLUGOR
2094,07,PULAU PINANG,BANDAR JELUTONG
2095,07,PULAU PINANG,BANDAR KEPALA BATAS
2096,07,PULAU PINANG,BANDAR NIBONG TEBAL
2097,07,PULAU PINANG,BANDAR PERDA
2098,07,PULAU PINANG,BANDAR PRAI
2099,07,PULAU PINANG,BANDAR SEBERANG JAYA
2100,07,PULAU PINANG,BANDAR SUNGEI BAKAP
2101,07,PULAU PINANG,BANDAR TANJONG BUNGAH
2102,07,PULAU PINANG,BANDAR TANJONG PINANG
2103,07,PULAU PINANG,BANDAR TANJONG TOKONG
2104,07,PULAU PINANG,BARAT DAYA
2105,07,PULAU PINANG,BATU FERRINGHI
2106,07,PULAU PINANG,BATU KAWAN
2107,07,PULAU PINANG,BATU MAUNG
2108,07,PULAU PINANG,BAYAN BARU
2109,07,PULAU PINANG,BAYAN LEPAS
2110,07,PULAU PINANG,BERTAM
2111,07,PULAU PINANG,BERTAM WALK
2112,07,PULAU PINANG,BESTARI JAYA
2113,07,PULAU PINANG,BIKIT MERTAJAM
2114,07,PULAU PINANG,BUKIT BENDERA
2115,07,PULAU PINANG,BUKIT MERTAJAM
2116,07,PULAU PINANG,BUKIT MINYAK
2117,07,PULAU PINANG,BUKIT TAMBUN
2118,07,PULAU PINANG,BUKIT TENGAH
2119,07,PULAU PINANG,BUKT TENGAH
2120,07,PULAU PINANG,BUTTERWORTH
2121,07,PULAU PINANG,GELUGOR
2122,07,PULAU PINANG,GEORGE TOWN
2123,07,PULAU PINANG,GEORGETOWN JELUTONG
2124,07,PULAU PINANG,GEORGETOWNPINANG
2125,07,PULAU PINANG,GEORGETOWNU PINANG
2126,07,PULAU PINANG,GERTAK SANGGUL
2127,07,PULAU PINANG,GUAR KEPAYANG
2128,07,PULAU PINANG,GUAR PERAHU
2129,07,PULAU PINANG,JAWI
2130,07,PULAU PINANG,JELUTONG
2131,07,PULAU PINANG,JELUTONG TIMUR
2132,07,PULAU PINANG,JURU
2133,07,PULAU PINANG,KAMPUNG PAJAK SONG
2134,07,PULAU PINANG,KEPALA BATAS
2135,07,PULAU PINANG,KEPALA BATSA
2136,07,PULAU PINANG,KUALA MUDA
2137,07,PULAU PINANG,KUBANG SEMANG
2138,07,PULAU PINANG,KUBANG ULU
2139,07,PULAU PINANG,KUCHING
2140,07,PULAU PINANG,MACHANG BUBOK
2141,07,PULAU PINANG,MACHANG BUBUK
2142,07,PULAU PINANG,MAK MANDIN
2143,07,PULAU PINANG,MERLIMAU
2144,07,PULAU PINANG,MOUNT PLEASURE
2145,07,PULAU PINANG,MUKIM 1
2146,07,PULAU PINANG,MUKIM 10
2147,07,PULAU PINANG,MUKIM 11
2148,07,PULAU PINANG,MUKIM 12
2149,07,PULAU PINANG,MUKIM 13
2150,07,PULAU PINANG,MUKIM 14
2151,07,PULAU PINANG,MUKIM 15
2152,07,PULAU PINANG,MUKIM 16
2153,07,PULAU PINANG,MUKIM 17
2154,07,PULAU PINANG,MUKIM 18
2155,07,PULAU PINANG,MUKIM 19
2156,07,PULAU PINANG,MUKIM 2
2157,07,PULAU PINANG,MUKIM 20
2158,07,PULAU PINANG,MUKIM 21
2159,07,PULAU PINANG,MUKIM 3
2160,07,PULAU PINANG,MUKIM 4
2161,07,PULAU PINANG,MUKIM 5
2162,07,PULAU PINANG,MUKIM 6
2163,07,PULAU PINANG,MUKIM 7
2164,07,PULAU PINANG,MUKIM 8
2165,07,PULAU PINANG,MUKIM 9
2166,07,PULAU PINANG,MUKIM A
2167,07,PULAU PINANG,MUKIM B
2168,07,PULAU PINANG,MUKIM C
2169,07,PULAU PINANG,MUKIM D
2170,07,PULAU PINANG,MUKIM E
2171,07,PULAU PINANG,MUKIM F
2172,07,PULAU PINANG,MUKIM G
2173,07,PULAU PINANG,MUKIM H
2174,07,PULAU PINANG,MUKIM I
2175,07,PULAU PINANG,MUKIM J
2176,07,PULAU PINANG,NIBONG TEBAL
2177,07,PULAU PINANG,PARIT BUNTAR
2178,07,PULAU PINANG,PAYA TERUBONG
2179,07,PULAU PINANG,PEEAI
2180,07,PULAU PINANG,PEMANCAR
2181,07,PULAU PINANG,PENAGA
2182,07,PULAU PINANG,PENANG
2183,07,PULAU PINANG,PENANG CENTRAL
2184,07,PULAU PINANG,PENANG HILL
2185,07,PULAU PINANG,PERAI
2186,07,PULAU PINANG,PERMATANG BULOH
2187,07,PULAU PINANG,PERMATANG PASIR
2188,07,PULAU PINANG,PERMATANG PAUH
2189,07,PULAU PINANG,PERMATANG PAUIH
2190,07,PULAU PINANG,PRAI
2191,07,PULAU PINANG,PRAITAJAM
2192,07,PULAU PINANG,PULAU MERTAJAM
2193,07,PULAU PINANG,PULAU PINANG
2194,07,PULAU PINANG,PUSAT BANDAR BERTAM PERDANA
2195,07,PULAU PINANG,RELAU
2196,07,PULAU PINANG,SEBERANG JAYA
2197,07,PULAU PINANG,SEBERANG JAYAANG JAYA
2198,07,PULAU PINANG,SEBERANG PERAI
2199,07,PULAU PINANG,SEBERANG PERAI SELATAN
2200,07,PULAU PINANG,SEBERANG PERAI TENGAH
2201,07,PULAU PINANG,SEBERANG PERAI UTARA
2202,07,PULAU PINANG,SEBERANG PRAI
2203,07,PULAU PINANG,SEBERANG PRAI UTARA
2204,07,PULAU PINANG,SIMPANG 4
2205,07,PULAU PINANG,SIMPANG AMPAT
2206,07,PULAU PINANG,SIMPANG AMPATNG AMPAT
2207,07,PULAU PINANG,SIMPANG EMPAT
2208,07,PULAU PINANG,SUBANG JAYA
2209,07,PULAU PINANG,SUNGAI ARA
2210,07,PULAU PINANG,SUNGAI BAKAP
2211,07,PULAU PINANG,SUNGAI BAONG
2212,07,PULAU PINANG,SUNGAI BJAWI
2213,07,PULAU PINANG,SUNGAI DUA
2214,07,PULAU PINANG,SUNGAI JAWI
2215,07,PULAU PINANG,SUNGAI PUYU
2216,07,PULAU PINANG,TAGEK GELUGOR
2217,07,PULAU PINANG,TAMAN BERJAYA
2218,07,PULAU PINANG,TAMAN BUKIT KECIL
2219,07,PULAU PINANG,TAMAN BUKIT MINYAK
2220,07,PULAU PINANG,TAMAN PERINDUSTRIAN BATU KAWAN
2221,07,PULAU PINANG,TANJONG BUNGAH
2222,07,PULAU PINANG,TANJONG TOKONG
2223,07,PULAU PINANG,TANJONG TOKONGOKONG
2224,07,PULAU PINANG,TANJUNG PIANDANG
2225,07,PULAU PINANG,TASEG GELUGOR
2226,07,PULAU PINANG,TASEK GELUGOR
2227,07,PULAU PINANG,TELOK AIR TAWAR
2228,07,PULAU PINANG,TELOK AIR TAWAR INDAH
2229,07,PULAU PINANG,TELUK AIR TAWAR
2230,07,PULAU PINANG,TELUK BAHANG
2231,07,PULAU PINANG,TELUK KUMBAR
2232,07,PULAU PINANG,TIMOR LAUT
2233,07,PULAU PINANG,USM PULAU PINANG
2234,12,SABAH,APIN APIN
2235,12,SABAH,BAIDURI AYU LAHAD DATU
2236,12,SABAH,BALUNG
2237,12,SABAH,BANDAR SANDAKAN
2238,12,SABAH,BANDAR SRI INDAH
2239,12,SABAH,BEAUFORT
2240,12,SABAH,BELURAN
2241,12,SABAH,BERANANG
2242,12,SABAH,BEVERLY
2243,12,SABAH,BINGKOR
2244,12,SABAH,BONGAWAN
2245,12,SABAH,BUKIT GARAM
2246,12,SABAH,DARO
2247,12,SABAH,INANAM
2248,12,SABAH,INANAM BARU
2249,12,SABAH,KALABAKAN
2250,12,SABAH,KAMPUNG AIR
2251,12,SABAH,KAMPUNG KONGSI 10
2252,12,SABAH,KANIBONGAN PITAS
2253,12,SABAH,KENINGAU
2254,12,SABAH,KEPAYAN
2255,12,SABAH,KINABATANGAN
2256,12,SABAH,KINARUT
2257,12,SABAH,KOLOMBONG
2258,12,SABAH,KOTA BELUD
2259,12,SABAH,KOTA KINABALU
2260,12,SABAH,KOTA KINABATANGAN
2261,12,SABAH,KOTA MARUDU
2262,12,SABAH,KUALA PENYU
2263,12,SABAH,KUCHING
2264,12,SABAH,KUDAT
2265,12,SABAH,KUNAK
2266,12,SABAH,KUNDASANG
2267,12,SABAH,LABUAN
2268,12,SABAH,LAHAD DATU
2269,12,SABAH,LAHAD DATUS
2270,12,SABAH,LAHAD DATUY
2271,12,SABAH,LAWAS
2272,12,SABAH,LIKAS
2273,12,SABAH,LOK KAWI
2274,12,SABAH,LOKAWI
2275,12,SABAH,MEMBAKUT
2276,12,SABAH,MENGGATAL
2277,12,SABAH,MENUMBOK
2278,12,SABAH,MIRI
2279,12,SABAH,MUKAH
2280,12,SABAH,MUZIUM NEGERI SABAH
2281,12,SABAH,NABAWAN
2282,12,SABAH,NEW TOWNSHIP SEMPORNA
2283,12,SABAH,PAMOL
2284,12,SABAH,PAPAR
2285,12,SABAH,PEKAN PAPAR
2286,12,SABAH,PENAMPANG
2287,12,SABAH,PETAGAS
2288,12,SABAH,PITAS
2289,12,SABAH,PUTATAN
2290,12,SABAH,RANAU
2291,12,SABAH,SABAH
2292,12,SABAH,SABINDO
2293,12,SABAH,SANDAKAN
2294,12,SABAH,SEMPORNA
2295,12,SABAH,SEPANGGAR
2296,12,SABAH,SIBU
2297,12,SABAH,SIKUATI KUDAT
2298,12,SABAH,SINDUMIN
2299,12,SABAH,SIPITANG
2300,12,SABAH,SOOK
2301,12,SABAH,TAMAN CHE MEI
2302,12,SABAH,TAMBUNAN
2303,12,SABAH,TAMPARULI
2304,12,SABAH,TAMPARULI RANAU
2305,12,SABAH,TANJUNG ARU
2306,12,SABAH,TAWA
2307,12,SABAH,TAWAI
2308,12,SABAH,TAWAU
2309,12,SABAH,TAWAY
2310,12,SABAH,TAWU
2311,12,SABAH,TELIPOK
2312,12,SABAH,TELUK SEPANGGAR
2313,12,SABAH,TELUPID
2314,12,SABAH,TENGHILAN
2315,12,SABAH,TENOM
2316,12,SABAH,TONGOD
2317,12,SABAH,TUARAN
2318,12,SABAH,TUARAN KOTA KINABALU
2319,12,SABAH,WESTON
2320,13,SARAWAK,ASAJAYA
2321,13,SARAWAK,BALINGIAN
2322,13,SARAWAK,BANDAR BARU PERMYJAYA
2323,13,SARAWAK,BARAM
2324,13,SARAWAK,BARIO
2325,13,SARAWAK,BATU NIAH
2326,13,SARAWAK,BAU
2327,13,SARAWAK,BEKENU
2328,13,SARAWAK,BELAGA
2329,13,SARAWAK,BELAWAI
2330,13,SARAWAK,BELURU
2331,13,SARAWAK,BETONG
2332,13,SARAWAK,BINTANGOR
2333,13,SARAWAK,BINTULU
2334,13,SARAWAK,BUDU
2335,13,SARAWAK,BUKIT MABONG
2336,13,SARAWAK,DAKAT
2337,13,SARAWAK,DALAT
2338,13,SARAWAK,DARO
2339,13,SARAWAK,DEBAK
2340,13,SARAWAK,DESA BAHAGIA
2341,13,SARAWAK,DURIN
2342,13,SARAWAK,ENGKILILI
2343,13,SARAWAK,GEDONG
2344,13,SARAWAK,IGAN
2345,13,SARAWAK,JA KAR SARIKEI
2346,13,SARAWAK,JAKAR
2347,13,SARAWAK,JULAU
2348,13,SARAWAK,KABONG
2349,13,SARAWAK,KANOWIT
2350,13,SARAWAK,KANOWT
2351,13,SARAWAK,KAPIT
2352,13,SARAWAK,KOTA SAMARAHAN
2353,13,SARAWAK,KOTA SENTOSA
2354,13,SARAWAK,KUALA BARAM
2355,13,SARAWAK,KUCHING
2356,13,SARAWAK,KUCHNG
2357,13,SARAWAK,KUCING
2358,13,SARAWAK,LAMBIR
2359,13,SARAWAK,LAWAS
2360,13,SARAWAK,LIMBANG
2361,13,SARAWAK,LINGGA
2362,13,SARAWAK,LONG BEDIAN
2363,13,SARAWAK,LONG LAMA
2364,13,SARAWAK,LONG LAPOK
2365,13,SARAWAK,LUBOK ANTU
2366,13,SARAWAK,LUBOK ANTU SARAWAK
2367,13,SARAWAK,LUNDU
2368,13,SARAWAK,LUTONG
2369,13,SARAWAK,LUTONG BARU
2370,13,SARAWAK,MALAYSIA
2371,13,SARAWAK,MALUDAM
2372,13,SARAWAK,MARUDI
2373,13,SARAWAK,MARUDI BARAM
2374,13,SARAWAK,MATU
2375,13,SARAWAK,MERADONG
2376,13,SARAWAK,MIRI
2377,13,SARAWAK,MISSION
2378,13,SARAWAK,MUKAH
2379,13,SARAWAK,MULU
2380,13,SARAWAK,NANGA MEDAMIT
2381,13,SARAWAK,NANGA MERIT
2382,13,SARAWAK,NIAH
2383,13,SARAWAK,NIAH SUAI
2384,13,SARAWAK,OYA
2385,13,SARAWAK,OYAA
2386,13,SARAWAK,OYYA
2387,13,SARAWAK,PADAWAN
2388,13,SARAWAK,PAKAN
2389,13,SARAWAK,PANTU
2390,13,SARAWAK,PEKAN PUSA
2391,13,SARAWAK,PERMYJAYA
2392,13,SARAWAK,PETRA JAYA
2393,13,SARAWAK,PUSA
2394,13,SARAWAK,PUSAT MEL MIRI
2395,13,SARAWAK,REJANG
2396,13,SARAWAK,ROBAN
2397,13,SARAWAK,SADONG JAYA
2398,13,SARAWAK,SAMARAHAN
2399,13,SARAWAK,SAMBIR
2400,13,SARAWAK,SARATOK
2401,13,SARAWAK,SARIKE
2402,13,SARAWAK,SARIKEI
2403,13,SARAWAK,SARIKEI JAKAR
2404,13,SARAWAK,SARKEI
2405,13,SARAWAK,SBU
2406,13,SARAWAK,SEBAUH
2407,13,SARAWAK,SEBUYAU
2408,13,SARAWAK,SELANGAU
2409,13,SARAWAK,SEMATAN
2410,13,SARAWAK,SENG LEE
2411,13,SARAWAK,SERIAN
2412,13,SARAWAK,SERKEI
2413,13,SARAWAK,SIBBU
2414,13,SARAWAK,SIBIU
2415,13,SARAWAK,SIBU
2416,13,SARAWAK,SIBU JAYA
2417,13,SARAWAK,SIBUI
2418,13,SARAWAK,SIBURAN
2419,13,SARAWAK,SIIBU
2420,13,SARAWAK,SIMUNJAN
2421,13,SARAWAK,SINIAWAN
2422,13,SARAWAK,SONG
2423,13,SARAWAK,SONGS
2424,13,SARAWAK,SPAOH
2425,13,SARAWAK,SRI AMAN
2426,13,SARAWAK,STAMPIN
2427,13,SARAWAK,SUBIS
2428,13,SARAWAK,SUBU
2429,13,SARAWAK,SUNDAR
2430,13,SARAWAK,SUNGAI ASAP
2431,13,SARAWAK,TAMAN PALMA INDAH
2432,13,SARAWAK,TAMBIRAT
2433,13,SARAWAK,TANJUNG MANIS
2434,13,SARAWAK,TATAU
2435,13,SARAWAK,TATAU BINTULU
2436,13,SARAWAK,TEBAKANG
2437,13,SARAWAK,TEBEDU
2438,13,SARAWAK,TELANG USAN
2439,13,SARAWAK,TINJAR
2440,13,SARAWAK,TRUSAN
2441,10,SELANGOR,AMPANG
2442,10,SELANGOR,AMPANG JAYA
2443,10,SELANGOR,AMPANG PECHAH
2444,10,SELANGOR,API API
2445,10,SELANGOR,BAGAN NAKHODA OMAR
2446,10,SELANGOR,BALAKONG
2447,10,SELANGOR,BANDAR
2448,10,SELANGOR,BANDAR BALAKONG
2449,10,SELANGOR,BANDAR BANTING
2450,10,SELANGOR,BANDAR BARU BANGI
2451,10,SELANGOR,BANDAR BARU KLANG
2452,10,SELANGOR,BANDAR BARU SALAK TINGGI
2453,10,SELANGOR,BANDAR BATANG KALI
2454,10,SELANGOR,BANDAR BATU 18 SEMENYIH
2455,10,SELANGOR,BANDAR BATU 26 BERANANG
2456,10,SELANGOR,BANDAR BATU 9 CHERAS
2457,10,SELANGOR,BANDAR BATU ARANG
2458,10,SELANGOR,BANDAR BESTARI
2459,10,SELANGOR,BANDAR BUKIT RAJA
2460,10,SELANGOR,BANDAR CHERAS
2461,10,SELANGOR,BANDAR COUNTRY HEIGHT
2462,10,SELANGOR,BANDAR CYBERJAYA
2463,10,SELANGOR,BANDAR DAMANSARA
2464,10,SELANGOR,BANDAR GLENMARIE
2465,10,SELANGOR,BANDAR GOMBAK SETIA
2466,10,SELANGOR,BANDAR JENJAROM
2467,10,SELANGOR,BANDAR KALUMPANG
2468,10,SELANGOR,BANDAR KEPONG
2469,10,SELANGOR,BANDAR KLANG UTAMA
2470,10,SELANGOR,BANDAR KOTA KEMUNING
2471,10,SELANGOR,BANDAR KUALA KUBU BAHARU
2472,10,SELANGOR,BANDAR KUALA SELANGOR
2473,10,SELANGOR,BANDAR KUNDANG
2474,10,SELANGOR,BANDAR LAPANGAN TERBANG ANTARABANGSA SEPANG
2475,10,SELANGOR,BANDAR MERU
2476,10,SELANGOR,BANDAR PETALING JAYA
2477,10,SELANGOR,BANDAR PETALING JAYA SELATAN
2478,10,SELANGOR,BANDAR PORT SWETTENHAM
2479,10,SELANGOR,BANDAR PUNCAK ALAM
2480,10,SELANGOR,BANDAR PUTERA
2481,10,SELANGOR,BANDAR PUTERA PERMAI
2482,10,SELANGOR,BANDAR RASA
2483,10,SELANGOR,BANDAR SAUJANA
2484,10,SELANGOR,BANDAR SELAYANG
2485,10,SELANGOR,BANDAR SEMENYIH
2486,10,SELANGOR,BANDAR SERENDAH
2487,10,SELANGOR,BANDAR SHAH ALAM
2488,10,SELANGOR,BANDAR SIJANGKANG
2489,10,SELANGOR,BANDAR SRI DAMANSARA
2490,10,SELANGOR,BANDAR SUBANG JAYA
2491,10,SELANGOR,BANDAR SULTAN SULAIMAN
2492,10,SELANGOR,BANDAR SUNGAI BULOH
2493,10,SELANGOR,BANDAR SUNGAI CHIK
2494,10,SELANGOR,BANDAR SUNGAI KAPAR INDAH
2495,10,SELANGOR,BANDAR SUNGAI LONG
2496,10,SELANGOR,BANDAR SUNGAI MERAB
2497,10,SELANGOR,BANDAR SUNGAI PUSU
2498,10,SELANGOR,BANDAR SUNWAY
2499,10,SELANGOR,BANDAR TANJONG KARANG
2500,10,SELANGOR,BANDAR TANJONG SEPAT
2501,10,SELANGOR,BANDAR TELOK PANGLIMA GARANG
2502,10,SELANGOR,BANDAR ULU BERNAM I
2503,10,SELANGOR,BANDAR ULU BERNAM II
2504,10,SELANGOR,BANDAR ULU KELANG
2505,10,SELANGOR,BANDAR ULU LANGAT
2506,10,SELANGOR,BANDAR ULU YAM
2507,10,SELANGOR,BANDAR ULU YAM BAHARU
2508,10,SELANGOR,BANGI
2509,10,SELANGOR,BANGI LAMA
2510,10,SELANGOR,BANTING
2511,10,SELANGOR,BANTING KUALA LANGAT
2512,10,SELANGOR,BATANG BERJUNTAI
2513,10,SELANGOR,BATANG KALI
2514,10,SELANGOR,BATU
2515,10,SELANGOR,BATU ARANG
2516,10,SELANGOR,BATU BELAH
2517,10,SELANGOR,BATU CAVES
2518,10,SELANGOR,BAU
2519,10,SELANGOR,BEHRANG
2520,10,SELANGOR,BERANANG
2521,10,SELANGOR,BERNAM JAYA
2522,10,SELANGOR,BESTARI JAYA
2523,10,SELANGOR,BESTARI JAYA IJOK
2524,10,SELANGOR,BESTARI JAYA SELANGOR
2525,10,SELANGOR,BESTARI JAYAI
2526,10,SELANGOR,BUKIT BERUNTUNG
2527,10,SELANGOR,BUKIT RAJA
2528,10,SELANGOR,BUKIT ROKAN
2529,10,SELANGOR,BUKIT ROTAN
2530,10,SELANGOR,BUKIT SERDANG
2531,10,SELANGOR,BULOH TELOR
2532,10,SELANGOR,CHERAS
2533,10,SELANGOR,CYBERJAYA
2534,10,SELANGOR,DAMANSARA
2535,10,SELANGOR,DENGKIL
2536,10,SELANGOR,DUMMY FOR OLT MIGRATION
2537,10,SELANGOR,FASA 2 PELABUHAN BARAT
2538,10,SELANGOR,GOMBAK
2539,10,SELANGOR,HULIU BERNAM
2540,10,SELANGOR,HULU BERNAM
2541,10,SELANGOR,HULU KELANG
2542,10,SELANGOR,HULU LANGAT
2543,10,SELANGOR,HULU SELANGOR
2544,10,SELANGOR,HULU YAM
2545,10,SELANGOR,HULU YAM BHARU
2546,10,SELANGOR,IJOK
2547,10,SELANGOR,JENJAROM
2548,10,SELANGOR,JERAM
2549,10,SELANGOR,JUGRA
2550,10,SELANGOR,KAJAN
2551,10,SELANGOR,KAJANAG
2552,10,SELANGOR,KAJANG
2553,10,SELANGOR,KALNG
2554,10,SELANGOR,KALUMPANG
2555,10,SELANGOR,KAMPUNG BARU SUBANG
2556,10,SELANGOR,KAMPUNG IJOK
2557,10,SELANGOR,KAMPUNG MEDAN
2558,10,SELANGOR,KAMPUNG MERBAU SEMPAK
2559,10,SELANGOR,KAMPUNG SIJANGKANG
2560,10,SELANGOR,KAMPUNG SUNGAI BULOH
2561,10,SELANGOR,KAMPUNG SUNGAI PELONG
2562,10,SELANGOR,KAPAR
2563,10,SELANGOR,KELANA JAYA
2564,10,SELANGOR,KEPONG
2565,10,SELANGOR,KINRARA
2566,10,SELANGOR,KKUBU BHARU
2567,10,SELANGOR,KLANG
2568,10,SELANGOR,KLANG BANDAR DIRAJA
2569,10,SELANGOR,KLIA
2570,10,SELANGOR,KLLANG
2571,10,SELANGOR,KLNAG
2572,10,SELANGOR,KOTA KEMUNING
2573,10,SELANGOR,KOTA KINABALU
2574,10,SELANGOR,KUALA KALUMPANG
2575,10,SELANGOR,KUALA KIBU BHARU
2576,10,SELANGOR,KUALA KUBU
2577,10,SELANGOR,KUALA KUBU BARU
2578,10,SELANGOR,KUALA LANGAT
2579,10,SELANGOR,KUALA LUMPUR
2580,10,SELANGOR,KUALA NERUS
2581,10,SELANGOR,KUALA SELANGOR
2582,10,SELANGOR,KUANG
2583,10,SELANGOR,KULA KUBU BARU
2584,10,SELANGOR,KUNDANG
2585,10,SELANGOR,LABU
2586,10,SELANGOR,LAPANGAN TERBANG SUBANG
2587,10,SELANGOR,LENGGENG
2588,10,SELANGOR,MANTIN
2589,10,SELANGOR,MEDAN NIAGA KUALA SELANGOR
2590,10,SELANGOR,MERU
2591,10,SELANGOR,MORIB
2592,10,SELANGOR,MUKIM IJOK
2593,10,SELANGOR,PANCHANG BEDENA
2594,10,SELANGOR,PANGLIMA GARANG
2595,10,SELANGOR,PASANGAN
2596,10,SELANGOR,PASIR PANJANG
2597,10,SELANGOR,PEKAN AIR MANIS
2598,10,SELANGOR,PEKAN ASAM JAWA
2599,10,SELANGOR,PEKAN BAGAN NAKHODA OMAR
2600,10,SELANGOR,PEKAN BAGAN TERAP
2601,10,SELANGOR,PEKAN BANGI LAMA
2602,10,SELANGOR,PEKAN BARU HICOM
2603,10,SELANGOR,PEKAN BARU SALAK TINGGI
2604,10,SELANGOR,PEKAN BARU SUBANG
2605,10,SELANGOR,PEKAN BARU SUNGAI BESI
2606,10,SELANGOR,PEKAN BARU SUNGAI BULOH
2607,10,SELANGOR,PEKAN BATU
2608,10,SELANGOR,PEKAN BATU 1 SEPANG
2609,10,SELANGOR,PEKAN BATU 18 ULU LANGAT
2610,10,SELANGOR,PEKAN BATU 20
2611,10,SELANGOR,PEKAN BATU 23 SUNGAI LALANG
2612,10,SELANGOR,PEKAN BATU 26 BERANANG
2613,10,SELANGOR,PEKAN BATU TIGA
2614,10,SELANGOR,PEKAN BERANANG
2615,10,SELANGOR,PEKAN BESTARI JAYA
2616,10,SELANGOR,PEKAN BUKIT BELIMBING
2617,10,SELANGOR,PEKAN BUKIT BISA
2618,10,SELANGOR,PEKAN BUKIT CHANGGANG
2619,10,SELANGOR,PEKAN BUKIT KEMUNING
2620,10,SELANGOR,PEKAN BUKIT ROTAN
2621,10,SELANGOR,PEKAN BUKIT SUNGAI RAYA
2622,10,SELANGOR,PEKAN BUKIT TALANG
2623,10,SELANGOR,PEKAN CEMPAKA
2624,10,SELANGOR,PEKAN CHERAS
2625,10,SELANGOR,PEKAN CHODOI
2626,10,SELANGOR,PEKAN COUNTRY HEIGHT
2627,10,SELANGOR,PEKAN DATO BAKAR BAGINDA
2628,10,SELANGOR,PEKAN DENGKIL
2629,10,SELANGOR,PEKAN DESA PUCHONG
2630,10,SELANGOR,PEKAN DESA RAYA
2631,10,SELANGOR,PEKAN DUSUN TUA ULU LANGAT
2632,10,SELANGOR,PEKAN HICOM
2633,10,SELANGOR,PEKAN JENJAROM
2634,10,SELANGOR,PEKAN JERAM
2635,10,SELANGOR,PEKAN KACHAU
2636,10,SELANGOR,PEKAN KAMPONG BARU HULU TIRAM BURUK
2637,10,SELANGOR,PEKAN KAMPONG KUANTAN
2638,10,SELANGOR,PEKAN KAMPONG PASIR BATU 14 SEMENYIH
2639,10,SELANGOR,PEKAN KAMPONG SUNGAI TANGKAS
2640,10,SELANGOR,PEKAN KANCHONG
2641,10,SELANGOR,PEKAN KANCHONG DARAT
2642,10,SELANGOR,PEKAN KAPAR
2643,10,SELANGOR,PEKAN KAYU ARA
2644,10,SELANGOR,PEKAN KELANANG BATU ENAM
2645,10,SELANGOR,PEKAN KERLING
2646,10,SELANGOR,PEKAN KINRARA
2647,10,SELANGOR,PEKAN KUALA SUNGAI BULOH
2648,10,SELANGOR,PEKAN MERBAU SEMPAK
2649,10,SELANGOR,PEKAN MERU
2650,10,SELANGOR,PEKAN MIMALAND
2651,10,SELANGOR,PEKAN MORIB
2652,10,SELANGOR,PEKAN PANDAMARAN
2653,10,SELANGOR,PEKAN PARIT BARU
2654,10,SELANGOR,PEKAN PARIT ENAM
2655,10,SELANGOR,PEKAN PARIT MAHANG
2656,10,SELANGOR,PEKAN PARIT SEMBILAN
2657,10,SELANGOR,PEKAN PASIR PANJANG
2658,10,SELANGOR,PEKAN PASIR PENAMBANG
2659,10,SELANGOR,PEKAN PENAGA
2660,10,SELANGOR,PEKAN PENGKALAN KUNDANG
2661,10,SELANGOR,PEKAN PERETAK
2662,10,SELANGOR,PEKAN PERMATANG PASIR
2663,10,SELANGOR,PEKAN PUCHONG
2664,10,SELANGOR,PEKAN PUCHONG JAYA
2665,10,SELANGOR,PEKAN PUCHONG PERDANA
2666,10,SELANGOR,PEKAN RUMAH MURAH SUNGAI LUI
2667,10,SELANGOR,PEKAN SABAK
2668,10,SELANGOR,PEKAN SALAK
2669,10,SELANGOR,PEKAN SEKINCHAN
2670,10,SELANGOR,PEKAN SEKINCHAN SITE A
2671,10,SELANGOR,PEKAN SEMENYIH
2672,10,SELANGOR,PEKAN SERDANG
2673,10,SELANGOR,PEKAN SIJANGKANG
2674,10,SELANGOR,PEKAN SIMPANG BALAK
2675,10,SELANGOR,PEKAN SIMPANG LIMA
2676,10,SELANGOR,PEKAN SIMPANG MORIB
2677,10,SELANGOR,PEKAN SIMPANG SUNGAI CHOH
2678,10,SELANGOR,PEKAN SIMPANG TIGA
2679,10,SELANGOR,PEKAN SIMPANG TIGA IJOK
2680,10,SELANGOR,PEKAN SRI NANDING
2681,10,SELANGOR,PEKAN SUBANG
2682,10,SELANGOR,PEKAN SUBANG JAYA
2683,10,SELANGOR,PEKAN SUNGAI AIR TAWAR
2684,10,SELANGOR,PEKAN SUNGAI BESAR
2685,10,SELANGOR,PEKAN SUNGAI BULOH
2686,10,SELANGOR,PEKAN SUNGAI HAJI DORANI
2687,10,SELANGOR,PEKAN SUNGAI KEMBONG BERANANG
2688,10,SELANGOR,PEKAN SUNGAI LUI
2689,10,SELANGOR,PEKAN SUNGAI MAKAU
2690,10,SELANGOR,PEKAN SUNGAI MANGGIS
2691,10,SELANGOR,PEKAN SUNGAI MERAB
2692,10,SELANGOR,PEKAN SUNGAI NIBONG
2693,10,SELANGOR,PEKAN SUNGAI PELEK
2694,10,SELANGOR,PEKAN SUNGAI PENCHALA
2695,10,SELANGOR,PEKAN SUNGAI RABA
2696,10,SELANGOR,PEKAN SUNGAI SEMBILANG
2697,10,SELANGOR,PEKAN SUNGAI SEPINTAS
2698,10,SELANGOR,PEKAN TAMAN PKNS
2699,10,SELANGOR,PEKAN TAMBAK JAWA
2700,10,SELANGOR,PEKAN TANJONG DUABELAS
2701,10,SELANGOR,PEKAN TANJONG KARANG
2702,10,SELANGOR,PEKAN TANJUNG MAS
2703,10,SELANGOR,PEKAN TANJUNG MAS 1
2704,10,SELANGOR,PEKAN TARUN
2705,10,SELANGOR,PEKAN TELOK
2706,10,SELANGOR,PEKAN TELOK DATOK
2707,10,SELANGOR,PEKAN TELOK MENEGUN
2708,10,SELANGOR,PEKAN TEMPLER
2709,10,SELANGOR,PEKAN TONGKAH
2710,10,SELANGOR,PEL KLANG
2711,10,SELANGOR,PELABUHAN KLANG
2712,10,SELANGOR,PELABUHAN KLANG SELANGOR
2713,10,SELANGOR,PENDITA
2714,10,SELANGOR,PERETAK
2715,10,SELANGOR,PETALING
2716,10,SELANGOR,PETALING JAYA
2717,10,SELANGOR,PETALING JAYA UTARA
2718,10,SELANGOR,PORT KLANG
2719,10,SELANGOR,PUCHONG
2720,10,SELANGOR,PULAU CAREY
2721,10,SELANGOR,PULAU INDAH
2722,10,SELANGOR,PULAU KETAM
2723,10,SELANGOR,PULAU LUMUT
2724,10,SELANGOR,PUNCAK ALAM
2725,10,SELANGOR,PUTRAJAYA
2726,10,SELANGOR,RANTAU PANJANG
2727,10,SELANGOR,RASA
2728,10,SELANGOR,RAWANG
2729,10,SELANGOR,SABAK
2730,10,SELANGOR,SABAK BERNAM
2731,10,SELANGOR,SALAK TINGGI
2732,10,SELANGOR,SASARAN
2733,10,SELANGOR,SEKINCHAN
2734,10,SELANGOR,SEKSYEN 13
2735,10,SELANGOR,SEKSYEN 4
2736,10,SELANGOR,SEKSYEN U17
2737,10,SELANGOR,SELANGOR
2738,10,SELANGOR,SEMENTA
2739,10,SELANGOR,SEMENYIH
2740,10,SELANGOR,SEPANG
2741,10,SELANGOR,SERDANG
2742,10,SELANGOR,SERENDAH
2743,10,SELANGOR,SERI KEMBANGAN
2744,10,SELANGOR,SETAPAK
2745,10,SELANGOR,SETIA ALAM
2746,10,SELANGOR,SHAH ALAM
2747,10,SELANGOR,SHAH ALAMJAYA
2748,10,SELANGOR,SHAH ALAN
2749,10,SELANGOR,SIBU
2750,10,SELANGOR,SIJANGKANG
2751,10,SELANGOR,SIMPANG 3 IJOK
2752,10,SELANGOR,SRI KEMBANGAN
2753,10,SELANGOR,SUBANG
2754,10,SELANGOR,SUBANG AIRPORT
2755,10,SELANGOR,SUBANG JAYA
2756,10,SELANGOR,SUBANG JAYALING JAYA
2757,10,SELANGOR,SUNGAI AIR TAWAR
2758,10,SELANGOR,SUNGAI AYER TAWAR
2759,10,SELANGOR,SUNGAI BESAR
2760,10,SELANGOR,SUNGAI BULOH
2761,10,SELANGOR,SUNGAI BULUH
2762,10,SELANGOR,SUNGAI DARA
2763,10,SELANGOR,SUNGAI GUMUT
2764,10,SELANGOR,SUNGAI PANJANG
2765,10,SELANGOR,SUNGAI PELEK
2766,10,SELANGOR,SUNGAI SELISIK
2767,10,SELANGOR,SUNGAI TINGGI
2768,10,SELANGOR,TAMAN BAHAGIA
2769,10,SELANGOR,TAMAN BUNGA MELOR
2770,10,SELANGOR,TAMAN SRI MUDA
2771,10,SELANGOR,TAMAN TENGKU BENDAHARA AZMAN
2772,10,SELANGOR,TANJONG DUA BELAS
2773,10,SELANGOR,TANJONG KARANG
2774,10,SELANGOR,TANJONG SEPAT
2775,10,SELANGOR,TANJUNG MALIM
2776,10,SELANGOR,TELOK GONG
2777,10,SELANGOR,TELOK MENEGON
2778,10,SELANGOR,TELOK PANGLIMA GARANG
2779,10,SELANGOR,TELOK PANGLIMA GARANG KUALA LANGAT
2780,10,SELANGOR,TELUK PANGLIMA GARANG
2781,10,SELANGOR,TLK PGARANG
2782,10,SELANGOR,UEP SUBANG JAYA
2783,10,SELANGOR,UJONG PERMATANG
2784,10,SELANGOR,ULU BERNAM
2785,10,SELANGOR,ULU KELANG
2786,10,SELANGOR,ULU LANGAT
2787,10,SELANGOR,ULU SELANGOR
2788,10,SELANGOR,ULU SEMENYIH
2789,10,SELANGOR,ULU TINGGI
2790,10,SELANGOR,ULU YAM
2791,10,SELANGOR,ULU YAM BARU
2792,10,SELANGOR,ULU YAM LAMA
2793,10,SELANGOR,UPM SERDANG
2794,10,SELANGOR,USJ
2795,11,TERENGGANU,AJIL
2796,11,TERENGGANU,AJIL KUALA BERANG
2797,11,TERENGGANU,AJIL TERENGGANU
2798,11,TERENGGANU,AL MUKTATFI BILLAH SHAH
2799,11,TERENGGANU,ALOR LINTANG
2800,11,TERENGGANU,ALUR LIMBAT
2801,11,TERENGGANU,AMBS
2802,11,TERENGGANU,ATAS TOL
2803,11,TERENGGANU,AYER PUTEH
2804,11,TERENGGANU,BANDAR AL MUKTAFI BILLAH SHAH
2805,11,TERENGGANU,BANDAR BARU CHENEH
2806,11,TERENGGANU,BANDAR BARU CHENEH KEMAMAN
2807,11,TERENGGANU,BANDAR CENEH BAHARU KEMAMAN
2808,11,TERENGGANU,BANDAR CHENEH
2809,11,TERENGGANU,BANDAR CHENEH BAHARU
2810,11,TERENGGANU,BANDAR CUKAI
2811,11,TERENGGANU,BANDAR DUNGUN
2812,11,TERENGGANU,BANDAR KETENGAH JAYA
2813,11,TERENGGANU,BANDAR KUALA TERENGGANU
2814,11,TERENGGANU,BANDAR PERMAISURI
2815,11,TERENGGANU,BANDAR PERMAISURI SETIU
2816,11,TERENGGANU,BANDAR SERI BANDI
2817,11,TERENGGANU,BANDAR SRI PERMAISURI
2818,11,TERENGGANU,BANDI
2819,11,TERENGGANU,BARU RAKIT
2820,11,TERENGGANU,BATU 22 AJIL
2821,11,TERENGGANU,BATU BUROK
2822,11,TERENGGANU,BATU BURUK
2823,11,TERENGGANU,BATU KUALA TERENGGANU
2824,11,TERENGGANU,BATU RAKIT
2825,11,TERENGGANU,BAU RAKIT
2826,11,TERENGGANU,BDR AL MUKTAFI BILAH SHAH
2827,11,TERENGGANU,BELARA
2828,11,TERENGGANU,BESUL
2829,11,TERENGGANU,BESUR
2830,11,TERENGGANU,BESUT
2831,11,TERENGGANU,BEUST
2832,11,TERENGGANU,BINJAI
2833,11,TERENGGANU,BINJAI CUKAI
2834,11,TERENGGANU,BINJAI KEMAMAN
2835,11,TERENGGANU,BINJAI RENDAH
2836,11,TERENGGANU,BPAYUNG
2837,11,TERENGGANU,BUKIT BAYAS
2838,11,TERENGGANU,BUKIT BESAR
2839,11,TERENGGANU,BUKIT BESI
2840,11,TERENGGANU,BUKIT BESI DUNGUN
2841,11,TERENGGANU,BUKIT CHENDERING
2842,11,TERENGGANU,BUKIT DEPU
2843,11,TERENGGANU,BUKIT KENAK
2844,11,TERENGGANU,BUKIT KUANG
2845,11,TERENGGANU,BUKIT PAYONG
2846,11,TERENGGANU,BUKIT PAYUNG MARANG
2847,11,TERENGGANU,BUKIT PETERI
2848,11,TERENGGANU,BUKIY PAYONG
2849,11,TERENGGANU,CABANG TIGA
2850,11,TERENGGANU,CALUK
2851,11,TERENGGANU,CENEH
2852,11,TERENGGANU,CENERING
2853,11,TERENGGANU,CHALOK
2854,11,TERENGGANU,CHENEH
2855,11,TERENGGANU,CHERANG RUKU
2856,11,TERENGGANU,CHERUL
2857,11,TERENGGANU,CHUKAI
2858,11,TERENGGANU,CHUKAI KEMAMAN
2859,11,TERENGGANU,CUKAI
2860,11,TERENGGANU,DAMAI
2861,11,TERENGGANU,DUNDUN
2862,11,TERENGGANU,DUNGGUN
2863,11,TERENGGANU,DUNGIN
2864,11,TERENGGANU,DUNGUN
2865,11,TERENGGANU,DUNGUN JAYA
2866,11,TERENGGANU,ERTIH
2867,11,TERENGGANU,FELDA KERTEH 6 KETENGAH JAYA
2868,11,TERENGGANU,GELIGA
2869,11,TERENGGANU,GELUGOR
2870,11,TERENGGANU,GELUGUR KEDAI
2871,11,TERENGGANU,GELUGUR RAJA
2872,11,TERENGGANU,GONG BADAK
2873,11,TERENGGANU,GONG BADAK KUALA NERUS
2874,11,TERENGGANU,GUNTUNG
2875,11,TERENGGANU,HULU BERANG
2876,11,TERENGGANU,HULU BESUT
2877,11,TERENGGANU,HULU CUKAI
2878,11,TERENGGANU,HULU DUNGUN
2879,11,TERENGGANU,HULU JABUR
2880,11,TERENGGANU,HULU NERUS
2881,11,TERENGGANU,HULU PAKA
2882,11,TERENGGANU,HULU SETIU
2883,11,TERENGGANU,HULU TELEMUNG
2884,11,TERENGGANU,HULU TERENGGANU
2885,11,TERENGGANU,JABI
2886,11,TERENGGANU,JAMBU BONGKOK
2887,11,TERENGGANU,JENAGUR
2888,11,TERENGGANU,JENGAI
2889,11,TERENGGANU,JERANGAU
2890,11,TERENGGANU,JERTEH
2891,11,TERENGGANU,JERTEH BESUT
2892,11,TERENGGANU,JERTIH
2893,11,TERENGGANU,JERUNG
2894,11,TERENGGANU,KAMPUNG APEK
2895,11,TERENGGANU,KAMPUNG APEK PERMAISURI
2896,11,TERENGGANU,KAMPUNG BANGGOL AIR LILIH
2897,11,TERENGGANU,KAMPUNG CHABANG TIGA
2898,11,TERENGGANU,KAMPUNG LAPANG SIRA
2899,11,TERENGGANU,KAMPUNG PADANG TARA
2900,11,TERENGGANU,KAMPUNG RAJA
2901,11,TERENGGANU,KAMPUNG RAJA BESUT
2902,11,TERENGGANU,KAMUNTING
2903,11,TERENGGANU,KARANGAN
2904,11,TERENGGANU,KEDAI BULOH
2905,11,TERENGGANU,KELUANG
2906,11,TERENGGANU,KEMAMAN
2907,11,TERENGGANU,KEMAMAN TERENGGANU
2908,11,TERENGGANU,KEMASEK
2909,11,TERENGGANU,KEMASIK KEMAMAN
2910,11,TERENGGANU,KEPONG
2911,11,TERENGGANU,KEPUNG
2912,11,TERENGGANU,KERANDANG
2913,11,TERENGGANU,KERTEH
2914,11,TERENGGANU,KERTEH KEMAMAN
2915,11,TERENGGANU,KERTIH
2916,11,TERENGGANU,KETENGAH JAYA
2917,11,TERENGGANU,KETENGAH JAYA DUNGUN
2918,11,TERENGGANU,KIJAL
2919,11,TERENGGANU,KIJAL KEMAMAN
2920,11,TERENGGANU,KNERUS
2921,11,TERENGGANU,KTELEMONG
2922,11,TERENGGANU,KTERENGGANU
2923,11,TERENGGANU,KTG
2924,11,TERENGGANU,KTRG
2925,11,TERENGGANU,KUA
2926,11,TERENGGANU,KUAL
2927,11,TERENGGANU,KUAL BERANG
2928,11,TERENGGANU,KUAL NERUS
2929,11,TERENGGANU,KUALA ABANG
2930,11,TERENGGANU,KUALA BERANG
2931,11,TERENGGANU,KUALA BERANG HULU TERENGGANU
2932,11,TERENGGANU,KUALA BERANG TERENGGANU
2933,11,TERENGGANU,KUALA BESUT
2934,11,TERENGGANU,KUALA DUNGUN
2935,11,TERENGGANU,KUALA DUNGUN DUNGUN
2936,11,TERENGGANU,KUALA IBAI
2937,11,TERENGGANU,KUALA IBAI KUALA TERENGGANU
2938,11,TERENGGANU,KUALA KEMAMAN
2939,11,TERENGGANU,KUALA NERUS
2940,11,TERENGGANU,KUALA NERUS TERENGGANU
2941,11,TERENGGANU,KUALA NRUS
2942,11,TERENGGANU,KUALA PAKA
2943,11,TERENGGANU,KUALA TELEMUNG
2944,11,TERENGGANU,KUALA TERENGGANU
2945,11,TERENGGANU,KUALA TERENGGANU TERENGGANU
2946,11,TERENGGANU,KUALA TERENGGANUOCI 3 0002251327
2947,11,TERENGGANU,KUANTAN
2948,11,TERENGGANU,KUBANG BEMBAN
2949,11,TERENGGANU,KUBANG PARIT
2950,11,TERENGGANU,KUBANG PATAH
2951,11,TERENGGANU,KULA NERUS
2952,11,TERENGGANU,KUMPAL
2953,11,TERENGGANU,LOSONG
2954,11,TERENGGANU,LUBUK KAWAH
2955,11,TERENGGANU,MALAYSIA
2956,11,TERENGGANU,MANIR
2957,11,TERENGGANU,MANIR KUALA TERENGGANU
2958,11,TERENGGANU,MARAN
2959,11,TERENGGANU,MARANG
2960,11,TERENGGANU,MARANG TERENGGANU
2961,11,TERENGGANU,MENGABANG TELIPOT
2962,11,TERENGGANU,MERANG
2963,11,TERENGGANU,MERBAU PATAH
2964,11,TERENGGANU,MERCANG
2965,11,TERENGGANU,MERCHANG MARANG
2966,11,TERENGGANU,MUKIM KELUANG
2967,11,TERENGGANU,NERUS
2968,11,TERENGGANU,NIBONG
2969,11,TERENGGANU,OCI 3 0002077154
2970,11,TERENGGANU,OCI 3 0002134652
2971,11,TERENGGANU,OCI 3 0002134726
2972,11,TERENGGANU,PADANG AIR
2973,11,TERENGGANU,PADANG PULUT
2974,11,TERENGGANU,PAKA
2975,11,TERENGGANU,PAKA DUNGUN
2976,11,TERENGGANU,PAKA DUNGUN TERENGGANU
2977,11,TERENGGANU,PAKOH
2978,11,TERENGGANU,PALOH
2979,11,TERENGGANU,PALUH
2980,11,TERENGGANU,PANTAI
2981,11,TERENGGANU,PASIR AKAR
2982,11,TERENGGANU,PASIR PANJANG
2983,11,TERENGGANU,PASIR PUTEH
2984,11,TERENGGANU,PASIR PUTIH
2985,11,TERENGGANU,PASIR RAJA
2986,11,TERENGGANU,PASIR SEMUT
2987,11,TERENGGANU,PAYA TERUBONG
2988,11,TERENGGANU,PEKAN AIR JERNIH
2989,11,TERENGGANU,PEKAN AIR PUTIH
2990,11,TERENGGANU,PEKAN BUKIT PAYUNG
2991,11,TERENGGANU,PEKAN CABANG TIGA
2992,11,TERENGGANU,PEKAN JERTIH
2993,11,TERENGGANU,PEKAN KAMPUNG RAJA
2994,11,TERENGGANU,PEKAN KEMASIK
2995,11,TERENGGANU,PEKAN KIJAL
2996,11,TERENGGANU,PEKAN KUALA BERANG
2997,11,TERENGGANU,PEKAN KUALA BESUT
2998,11,TERENGGANU,PEKAN KUALA PAKA
2999,11,TERENGGANU,PEKAN MARANG
3000,11,TERENGGANU,PELAGAT
3001,11,TERENGGANU,PENGADANG BULOH
3002,11,TERENGGANU,PENGADANG BULUH
3003,11,TERENGGANU,PENGHULU DIMAN
3004,11,TERENGGANU,PENGKALAN NANGKA
3005,11,TERENGGANU,PERHENTIAN BESUT
3006,11,TERENGGANU,PERMAISURI
3007,11,TERENGGANU,PERMAISURI SETIU
3008,11,TERENGGANU,PULAU KAMBING
3009,11,TERENGGANU,PULAU KERENGGA
3010,11,TERENGGANU,PULAU PERHENTIAN
3011,11,TERENGGANU,PULAU PULAU
3012,11,TERENGGANU,PULAU REDANG
3013,11,TERENGGANU,RAJA
3014,11,TERENGGANU,RASAU
3015,11,TERENGGANU,RENEK BESUT
3016,11,TERENGGANU,RENEK JERTEH
3017,11,TERENGGANU,RENGAS
3018,11,TERENGGANU,RUSILA
3019,11,TERENGGANU,SEBERANG MARANG
3020,11,TERENGGANU,SEBERANG TAKIR
3021,11,TERENGGANU,SERADA
3022,11,TERENGGANU,SERI BANDI
3023,11,TERENGGANU,SERI BANDI KEMAMAN
3024,11,TERENGGANU,SETIU
3025,11,TERENGGANU,SRI BANDI
3026,11,TERENGGANU,SUNGAI KIAT
3027,11,TERENGGANU,SUNGAI TIONG
3028,11,TERENGGANU,SUNGAI TONG
3029,11,TERENGGANU,SURA
3030,11,TERENGGANU,TAMAN AJIL INDAH KAMPUNG BUKIT PERPAT
3031,11,TERENGGANU,TAMAN BANGGOL INDAH
3032,11,TERENGGANU,TANGGUL
3033,11,TERENGGANU,TASIK
3034,11,TERENGGANU,TEBAK
3035,11,TERENGGANU,TELOK KALONG
3036,11,TERENGGANU,TELUK KALUNG
3037,11,TERENGGANU,TEMBILA
3038,11,TERENGGANU,TENANG
3039,11,TERENGGANU,TENGKAWANG
3040,11,TERENGGANU,TEPOH
3041,11,TERENGGANU,TEPUH
3042,11,TERENGGANU,TERSAT
3043,11,TERENGGANU,TOK JAMAL
3044,11,TERENGGANU,TOK JIRING
3045,11,TERENGGANU,TTT
3046,11,TERENGGANU,ULU DUNGUN
3047,11,TERENGGANU,WAKAF BERUAS
3048,11,TERENGGANU,WAKAF MEMPELAM
3049,11,TERENGGANU,WAKAF TAPAI
3050,11,TERENGGANU,WAKAF TENGAH
3051,14,WILAYAH PERSEKUTUAN KUALA LUMPUR,AMPANG
3052,14,WILAYAH PERSEKUTUAN KUALA LUMPUR,BANDAR BAHARU SUNGAI BESI
3053,14,WILAYAH PERSEKUTUAN KUALA LUMPUR,BANDAR KUALA LUMPUR
3054,14,WILAYAH PERSEKUTUAN KUALA LUMPUR,BANDAR PETALING JAYA
3055,14,WILAYAH PERSEKUTUAN KUALA LUMPUR,BANDAR SRI DAMANSARA
3056,14,WILAYAH PERSEKUTUAN KUALA LUMPUR,BANGSAR
3057,14,WILAYAH PERSEKUTUAN KUALA LUMPUR,BATU
3058,14,WILAYAH PERSEKUTUAN KUALA LUMPUR,BATU CAVES
3059,14,WILAYAH PERSEKUTUAN KUALA LUMPUR,BRICKFIELDS
3060,14,WILAYAH PERSEKUTUAN KUALA LUMPUR,BUKIT JALIL
3061,14,WILAYAH PERSEKUTUAN KUALA LUMPUR,CHERAS
3062,14,WILAYAH PERSEKUTUAN KUALA LUMPUR,GOMBAK
3063,14,WILAYAH PERSEKUTUAN KUALA LUMPUR,HULU KELANG
3064,14,WILAYAH PERSEKUTUAN KUALA LUMPUR,HULU KLANG
3065,14,WILAYAH PERSEKUTUAN KUALA LUMPUR,KEPONG
3066,14,WILAYAH PERSEKUTUAN KUALA LUMPUR,KUALA LUMPUR
3067,14,WILAYAH PERSEKUTUAN KUALA LUMPUR,KUALA PAUH
3068,14,WILAYAH PERSEKUTUAN KUALA LUMPUR,LABUAN
3069,14,WILAYAH PERSEKUTUAN KUALA LUMPUR,MUKIM PETALING
3070,14,WILAYAH PERSEKUTUAN KUALA LUMPUR,OFF JALAN KLANG LAMA
3071,14,WILAYAH PERSEKUTUAN KUALA LUMPUR,PANDAN INDAH
3072,14,WILAYAH PERSEKUTUAN KUALA LUMPUR,PEKAN BATU
3073,14,WILAYAH PERSEKUTUAN KUALA LUMPUR,PEKAN BATU CAVES
3074,14,WILAYAH PERSEKUTUAN KUALA LUMPUR,PEKAN KEPONG
3075,14,WILAYAH PERSEKUTUAN KUALA LUMPUR,PEKAN KUALA PAUH
3076,14,WILAYAH PERSEKUTUAN KUALA LUMPUR,PEKAN PETALING
3077,14,WILAYAH PERSEKUTUAN KUALA LUMPUR,PEKAN SALAK SOUTH
3078,14,WILAYAH PERSEKUTUAN KUALA LUMPUR,PEKAN SG PENCHALA
3079,14,WILAYAH PERSEKUTUAN KUALA LUMPUR,PETALING
3080,14,WILAYAH PERSEKUTUAN KUALA LUMPUR,PUTRAJAYA
3081,14,WILAYAH PERSEKUTUAN KUALA LUMPUR,SEGAMBUT
3082,14,WILAYAH PERSEKUTUAN KUALA LUMPUR,SELANGOR
3083,14,WILAYAH PERSEKUTUAN KUALA LUMPUR,SENTUL
3084,14,WILAYAH PERSEKUTUAN KUALA LUMPUR,SETAPAK
3085,14,WILAYAH PERSEKUTUAN KUALA LUMPUR,TAMAN MELATI
3086,14,WILAYAH PERSEKUTUAN KUALA LUMPUR,WANGSA MAJU
3087,14,WILAYAH PERSEKUTUAN KUALA LUMPUR,WILAYAH PERSEKUTUAN
3088,15,WILAYAH PERSEKUTUAN LABUAN,BANDAR LABUAN
3089,15,WILAYAH PERSEKUTUAN LABUAN,DESA
3090,15,WILAYAH PERSEKUTUAN LABUAN,INSTITUT LATIHAN PERINDUSTRIAN
3091,15,WILAYAH PERSEKUTUAN LABUAN,KAMPUNG LAJAU
3092,15,WILAYAH PERSEKUTUAN LABUAN,LABUAN
3093,15,WILAYAH PERSEKUTUAN LABUAN,TAMBUNAN
3094,15,WILAYAH PERSEKUTUAN LABUAN,WILAYAH PERSEKUTUAN LABUAN
3095,15,WILAYAH PERSEKUTUAN LABUAN,WISMA SHORE SERVICE
3096,15,WILAYAH PERSEKUTUAN LABUAN,WP LABUAN
3097,16,WILAYAH PERSEKUTUAN PUTRAJAYA,BANDAR PUTRAJAYA
3098,16,WILAYAH PERSEKUTUAN PUTRAJAYA,PUTRAJAYA
